-- CREACION DE TABLAS
-- tabla transaccional de informacion de tarjeta
CREATE TABLE tarjetas(
	ID VARCHAR(20) PRIMARY KEY NOT NULL,
	NOMBRE VARCHAR(100),
	EMAIL VARCHAR(100),
	TTA VARCHAR(16),
	BDATE DATE,
	STATE VARCHAR(50),
	ESTATUS INT,
	CREDIT NUMERIC(16,2)
);

-- tabla catalogo de estados de los clientes 
CREATE TABLE tcliest(
	IDST VARCHAR(20) PRIMARY KEY NOT NULL,
	DESCRIPCION VARCHAR(100)
);

-- tabla catalogo de informacion de estados o departamentos
CREATE TABLE testados(
	IDSTATE VARCHAR(50) PRIMARY KEY NOT NULL,
	DESCRIPCION VARCHAR(100),
	ESTATUS INT
);
  
-- Modificamos la tabla para agregar un estado
ALTER TABLE IF EXISTS testados ADD COLUMN status integer;
UPDATE testados SET status='1' WHERE idstate = 'ESTADO_01';
UPDATE testados SET status='1' WHERE idstate = 'ESTADO_02';
UPDATE testados SET status='0' WHERE idstate = 'ESTADO_03';
UPDATE testados SET status='0' WHERE idstate = 'ESTADO_04';
UPDATE testados SET status='1' WHERE idstate = 'ESTADO_05';

-- POBLADO

-- Catalogo: Informacion de Estados o Departamentos
INSERT INTO testados(idstate, descripcion) VALUES ('ESTADO_01', 'SAN SALVADOR');
INSERT INTO testados(idstate, descripcion) VALUES ('ESTADO_02', 'LA LIBERTAD');
INSERT INTO testados(idstate, descripcion) VALUES ('ESTADO_03', 'LA PAZ');
INSERT INTO testados(idstate, descripcion) VALUES ('ESTADO_04', 'CUSCATLAN');
INSERT INTO testados(idstate, descripcion) VALUES ('ESTADO_05', 'CHALATENANGO');

-- unificando los posibles creados con otros departamentos. 
-- UPDATE testados SET descripcion='SAN SALVADOR' WHERE idstate = 'ESTADO_01';
-- UPDATE testados SET descripcion='LA LIBERTAD' WHERE idstate = 'ESTADO_02';
-- UPDATE testados SET descripcion='LA PAZ' WHERE idstate = 'ESTADO_03';
-- UPDATE testados SET descripcion='CUSCATLAN' WHERE idstate = 'ESTADO_04';
-- UPDATE testados SET descripcion='CHALATENANGO' WHERE idstate = 'ESTADO_05';

-- Catalogo: Informacion de estados de los clientes
INSERT INTO tcliest(idst, descripcion) VALUES (0, 'INACTIVO');
INSERT INTO tcliest(idst, descripcion) VALUES (1, 'ACTIVO');

-- Tabla Transaccional: Informacion de tarjetas
-- Datos generados con la ayuda de https://testingdatagenerator.com/
INSERT INTO tarjetas(id, nombre, email, tta, bdate, state, estatus, credit) VALUES ('50911037P', 'Maria Esperanza', 'rebollo_1998_3@journalism.com', '4211839250361340', '1982-11-24', 'ESTADO_02', '1', '1500');
INSERT INTO tarjetas(id, nombre, email, tta, bdate, state, estatus, credit) VALUES ('48548443C', 'Josep Maria', 'mata_qm@libero.it', '4160220218076232', '1971-06-17', 'ESTADO_03', '1', '2000');
INSERT INTO tarjetas(id, nombre, email, tta, bdate, state, estatus, credit) VALUES ('64612278B', 'Jonathan', 'bermejo_m@btinternet.com', '4179316431453593', '1985-10-18', 'ESTADO_02', '1', '1500');
INSERT INTO tarjetas(id, nombre, email, tta, bdate, state, estatus, credit) VALUES ('96347392R', 'Joel', 'real_h0@teacher.com', '4209528961901403', '1989-01-10', 'ESTADO_01', '0', '1000');
INSERT INTO tarjetas(id, nombre, email, tta, bdate, state, estatus, credit) VALUES ('77122158F', 'Said', 'arroyo_i@aol.com', '4386952836434835', '2003-07-12', 'ESTADO_03', '1', '2600');
INSERT INTO tarjetas(id, nombre, email, tta, bdate, state, estatus, credit) VALUES ('94684072H', 'Carlota', 'millan_2007_5@yahoo.com', '4853244302780345', '1998-05-07', 'ESTADO_05', '1', '2000');
INSERT INTO tarjetas(id, nombre, email, tta, bdate, state, estatus, credit) VALUES ('05481104C', 'Florentino', 'rivera_2007_p5@talk21.com', '4428426219839522', '1984-10-25', 'ESTADO_01', '1', '1000');
INSERT INTO tarjetas(id, nombre, email, tta, bdate, state, estatus, credit) VALUES ('66666380Y', 'Yolanda', 'heras_1991_jv@yahoo.es', '4168162537326868', '1984-07-18', 'ESTADO_03', '1', '1000');
INSERT INTO tarjetas(id, nombre, email, tta, bdate, state, estatus, credit) VALUES ('48595937L', 'Aitana', 'belmonte_k@journalism.com', '4265384378275663', '1992-12-01', 'ESTADO_04', '0', '2000');
INSERT INTO tarjetas(id, nombre, email, tta, bdate, state, estatus, credit) VALUES ('10296464P', 'Mireia', 'oliva_2007_ae@earthling.net', '4855337900319678', '1979-06-09', 'ESTADO_03', '1', '1000');
INSERT INTO tarjetas(id, nombre, email, tta, bdate, state, estatus, credit) VALUES ('82093646E', 'Inmaculada', 'font_qw@witty.com', '4464393416557510', '1998-12-21', 'ESTADO_01', '1', '2600');
INSERT INTO tarjetas(id, nombre, email, tta, bdate, state, estatus, credit) VALUES ('37693096Y', 'Maria Ascension', 'mateos_1984_ye@witty.com', '4431116318470908', '2000-11-22', 'ESTADO_05', '0', '2500');
INSERT INTO tarjetas(id, nombre, email, tta, bdate, state, estatus, credit) VALUES ('91938448L', 'Jonathan', 'villa_x0@talk21.com', '4914507925152572', '1983-11-16', 'ESTADO_03', '0', '2500');
INSERT INTO tarjetas(id, nombre, email, tta, bdate, state, estatus, credit) VALUES ('66523494L', 'Adam', 'araujo_nh@whoever.com', '4929366243512899', '2004-10-31', 'ESTADO_01', '0', '2000');
INSERT INTO tarjetas(id, nombre, email, tta, bdate, state, estatus, credit) VALUES ('22624383L', 'Felipe', 'rivero_2001_od@hotmail.com', '4618750394950634', '1970-05-26', 'ESTADO_03', '1', '2000');
INSERT INTO tarjetas(id, nombre, email, tta, bdate, state, estatus, credit) VALUES ('18549069Y', 'Maria Sol', 'oliva_1982_ue@lycos.at', '4889683205536486', '1999-10-30', 'ESTADO_02', '0', '1000');
INSERT INTO tarjetas(id, nombre, email, tta, bdate, state, estatus, credit) VALUES ('42385772S', 'Maria Rosa', 'soler_2006_p8@msn.com', '4530509877338344', '1987-04-16', 'ESTADO_05', '1', '2000');
INSERT INTO tarjetas(id, nombre, email, tta, bdate, state, estatus, credit) VALUES ('29606114P', 'Enric', 'montes_1999_m4@unforgettable.com', '4614657463612017', '1969-02-08', 'ESTADO_01', '0', '1000');
INSERT INTO tarjetas(id, nombre, email, tta, bdate, state, estatus, credit) VALUES ('53718598M', 'Aurelio', 'millan_9p@yahoo.com', '448822579957850', '1993-02-27', 'ESTADO_03', '1', '2500');
INSERT INTO tarjetas(id, nombre, email, tta, bdate, state, estatus, credit) VALUES ('22856167D', 'Ruben', 'vergara_1980_g@lycos.at', '465250440852266', '1981-11-07', 'ESTADO_04', '0', '2500');
INSERT INTO tarjetas(id, nombre, email, tta, bdate, state, estatus, credit) VALUES ('88320425B', 'Maria Candelaria', 'rosado_2y@teacher.com', '4614032496178503', '1995-05-24', 'ESTADO_05', '0', '2600');
INSERT INTO tarjetas(id, nombre, email, tta, bdate, state, estatus, credit) VALUES ('10566410A', 'Eva', 'vicente_xr@post.com', '4177808391197881', '1984-12-28', 'ESTADO_02', '1', '2600');
INSERT INTO tarjetas(id, nombre, email, tta, bdate, state, estatus, credit) VALUES ('49434750E', 'Blanca', 'ferrero_2000_6@lycos.at', '4986440115922179', '1967-02-19', 'ESTADO_02', '1', '2600');
INSERT INTO tarjetas(id, nombre, email, tta, bdate, state, estatus, credit) VALUES ('66809282D', 'Alberto', 'barrios_1998_g9@lycos.de', '4999138399945610', '1987-11-21', 'ESTADO_05', '0', '2500');
INSERT INTO tarjetas(id, nombre, email, tta, bdate, state, estatus, credit) VALUES ('76552025K', 'Cristobal', 'cobos_1989_o7@post.com', '4350057602885723', '1987-01-12', 'ESTADO_02', '0', '2600');
INSERT INTO tarjetas(id, nombre, email, tta, bdate, state, estatus, credit) VALUES ('25847862W', 'Maria Francisca', 'arranz_1982_6d@hotmail.com', '4450145533818985', '1993-12-07', 'ESTADO_04', '1', '2500');
INSERT INTO tarjetas(id, nombre, email, tta, bdate, state, estatus, credit) VALUES ('35678949S', 'Maria Consuelo', 'nunez_1970_p3@btinternet.com', '4845199733843602', '1985-02-16', 'ESTADO_01', '0', '1000');
INSERT INTO tarjetas(id, nombre, email, tta, bdate, state, estatus, credit) VALUES ('93915771D', 'Caridad', 'cuadrado_1997_d@gmail.com', '4600609712160179', '1997-08-25', 'ESTADO_04', '0', '2000');
INSERT INTO tarjetas(id, nombre, email, tta, bdate, state, estatus, credit) VALUES ('42209151B', 'Elisabeth', 'egea_2h@lycos.nl', '431552821945242', '1983-12-12', 'ESTADO_02', '1', '2600');
INSERT INTO tarjetas(id, nombre, email, tta, bdate, state, estatus, credit) VALUES ('19411781B', 'Agueda', 'pastor_2012_fk@hotmail.co.uk', '4812192149155322', '1986-11-21', 'ESTADO_05', '1', '2500');
INSERT INTO tarjetas(id, nombre, email, tta, bdate, state, estatus, credit) VALUES ('79794966P', 'Erik', 'ros_k@journalism.com', '4434235652120007', '1986-08-02', 'ESTADO_03', '1', '1500');
INSERT INTO tarjetas(id, nombre, email, tta, bdate, state, estatus, credit) VALUES ('19010710Z', 'Albert', 'huertas_1972_6@lycos.at', '4276097032849270', '1989-09-25', 'ESTADO_01', '1', '1500');
INSERT INTO tarjetas(id, nombre, email, tta, bdate, state, estatus, credit) VALUES ('40074740T', 'Maria Esperanza', 'bello_j4@libero.it', '4278953965866665', '1997-12-19', 'ESTADO_05', '1', '1500');
INSERT INTO tarjetas(id, nombre, email, tta, bdate, state, estatus, credit) VALUES ('84183836H', 'Cristian', 'aznar_f@scientist.com', '4334073293500134', '1976-11-08', 'ESTADO_04', '1', '1500');
INSERT INTO tarjetas(id, nombre, email, tta, bdate, state, estatus, credit) VALUES ('25671359R', 'Miguel Angel', 'camacho_1972_e@blu.it', '440766569778552', '1980-07-05', 'ESTADO_03', '1', '1500');
INSERT INTO tarjetas(id, nombre, email, tta, bdate, state, estatus, credit) VALUES ('50412166F', 'Ester', 'herranz_1976_n@lycos.es', '4551389761162678', '1976-08-09', 'ESTADO_03', '0', '1500');
INSERT INTO tarjetas(id, nombre, email, tta, bdate, state, estatus, credit) VALUES ('40382028P', 'Jose Javier', 'rincon_2014_ep@lycos.es', '4712208695138644', '1965-07-10', 'ESTADO_03', '0', '2500');
INSERT INTO tarjetas(id, nombre, email, tta, bdate, state, estatus, credit) VALUES ('89026275Z', 'Blas', 'hidalgo_1988_vq@mail.com', '477137484968858', '2003-04-24', 'ESTADO_01', '0', '2600');
INSERT INTO tarjetas(id, nombre, email, tta, bdate, state, estatus, credit) VALUES ('38701541Q', 'Pau', 'royo_2019_a@talk21.com', '4270076921340712', '1969-02-04', 'ESTADO_05', '0', '2600');
INSERT INTO tarjetas(id, nombre, email, tta, bdate, state, estatus, credit) VALUES ('55878253Y', 'Adelina', 'lara_lo@scientist.com', '478318941555863', '2003-07-24', 'ESTADO_01', '1', '1000');
INSERT INTO tarjetas(id, nombre, email, tta, bdate, state, estatus, credit) VALUES ('72619153B', 'Nadia', 'olmo_c@lycos.it', '4740175006656737', '1974-12-30', 'ESTADO_02', '1', '2000');
INSERT INTO tarjetas(id, nombre, email, tta, bdate, state, estatus, credit) VALUES ('73974373W', 'Jonatan', 'porras_1999_bw@mail.com', '4933221721061188', '1978-08-08', 'ESTADO_02', '0', '2500');
INSERT INTO tarjetas(id, nombre, email, tta, bdate, state, estatus, credit) VALUES ('02711770R', 'Pol', 'estrada_2009_zf@talk21.com', '4327454012693625', '1995-11-23', 'ESTADO_01', '0', '1500');
INSERT INTO tarjetas(id, nombre, email, tta, bdate, state, estatus, credit) VALUES ('84144947E', 'Jimena', 'cid_xc@hotmail.com', '4558564843236269', '1966-12-02', 'ESTADO_04', '1', '2600');
INSERT INTO tarjetas(id, nombre, email, tta, bdate, state, estatus, credit) VALUES ('29077082E', 'Roser', 'demiguel_2007_h@writeme.com', '4986355066988708', '1979-05-02', 'ESTADO_05', '0', '1500');
INSERT INTO tarjetas(id, nombre, email, tta, bdate, state, estatus, credit) VALUES ('77331740J', 'Joan', 'solano_2015_b@whoever.com', '4467098203619277', '1967-10-02', 'ESTADO_05', '0', '1000');
INSERT INTO tarjetas(id, nombre, email, tta, bdate, state, estatus, credit) VALUES ('09111216L', 'Celia', 'arias_h8@witty.com', '4738026499006852', '1984-08-29', 'ESTADO_03', '1', '1500');
INSERT INTO tarjetas(id, nombre, email, tta, bdate, state, estatus, credit) VALUES ('83756092M', 'Itziar', 'solano_8m@usa.com', '4706173933377198', '1976-08-29', 'ESTADO_02', '1', '2500');
INSERT INTO tarjetas(id, nombre, email, tta, bdate, state, estatus, credit) VALUES ('47530259T', 'Julen', 'toledo_0@netscape.com', '4665378370976985', '1989-11-02', 'ESTADO_04', '0', '2600');
INSERT INTO tarjetas(id, nombre, email, tta, bdate, state, estatus, credit) VALUES ('26250703K', 'Julian', 'alcazar_1994_1x@netscape.com', '4830453782665698', '1985-11-04', 'ESTADO_04', '0', '2600');
INSERT INTO tarjetas(id, nombre, email, tta, bdate, state, estatus, credit) VALUES ('66787935Y', 'Luis Angel', 'marrero_2006_o@yahoo.es', '4500329108785916', '1984-02-07', 'ESTADO_03', '1', '1500');
INSERT INTO tarjetas(id, nombre, email, tta, bdate, state, estatus, credit) VALUES ('79516282S', 'Marc', 'aragon_z9@netscape.net', '4211263479674344', '1984-08-08', 'ESTADO_01', '0', '2000');
INSERT INTO tarjetas(id, nombre, email, tta, bdate, state, estatus, credit) VALUES ('00701060C', 'Francisco', 'delatorre_1977_e@btinternet.com', '4531090930077483', '1993-09-14', 'ESTADO_01', '1', '2600');
INSERT INTO tarjetas(id, nombre, email, tta, bdate, state, estatus, credit) VALUES ('05576170G', 'Maria Gracia', 'mendez_1@unforgettable.com', '4780742977025753', '1980-08-12', 'ESTADO_02', '1', '1500');
INSERT INTO tarjetas(id, nombre, email, tta, bdate, state, estatus, credit) VALUES ('15692887X', 'Maria Luisa', 'luque_3@lycos.es', '4794889721425757', '1998-08-13', 'ESTADO_05', '0', '1000');
INSERT INTO tarjetas(id, nombre, email, tta, bdate, state, estatus, credit) VALUES ('52798730E', 'Maria Purificacion', 'tirado_2012_vr@netscape.net', '4806611415219247', '2000-02-16', 'ESTADO_05', '0', '2600');
INSERT INTO tarjetas(id, nombre, email, tta, bdate, state, estatus, credit) VALUES ('51569324N', 'Maria Cruz', 'torres_1@lycos.de', '472313272129301', '2003-06-22', 'ESTADO_02', '1', '1000');
INSERT INTO tarjetas(id, nombre, email, tta, bdate, state, estatus, credit) VALUES ('20090577P', 'Maria Carme', 'camacho_nr@witty.com', '4989160921940218', '1999-04-25', 'ESTADO_01', '0', '2000');
INSERT INTO tarjetas(id, nombre, email, tta, bdate, state, estatus, credit) VALUES ('70757320M', 'Rosario', 'cano_1998_yc@lycos.it', '4285697703769506', '1977-05-12', 'ESTADO_02', '1', '1000');
INSERT INTO tarjetas(id, nombre, email, tta, bdate, state, estatus, credit) VALUES ('79249839G', 'Paulino', 'saez_h@aim.com', '4119154908530731', '2000-05-16', 'ESTADO_04', '0', '2600');
INSERT INTO tarjetas(id, nombre, email, tta, bdate, state, estatus, credit) VALUES ('98143781K', 'Marta', 'morcillo_b@teacher.com', '4715125966228077', '1997-10-22', 'ESTADO_01', '0', '1500');
INSERT INTO tarjetas(id, nombre, email, tta, bdate, state, estatus, credit) VALUES ('87362144W', 'Cristian', 'saenz_6t@caramail.com', '4376984908105367', '1967-10-09', 'ESTADO_01', '0', '2600');
INSERT INTO tarjetas(id, nombre, email, tta, bdate, state, estatus, credit) VALUES ('52127149H', 'Gemma', 'izquierdo_pu@lycos.co.uk', '414603220064241', '1966-06-23', 'ESTADO_01', '1', '2600');
INSERT INTO tarjetas(id, nombre, email, tta, bdate, state, estatus, credit) VALUES ('42947626W', 'Manuela', 'naranjo_1971_7@aim.com', '4566736760872017', '1969-08-11', 'ESTADO_02', '1', '2600');
INSERT INTO tarjetas(id, nombre, email, tta, bdate, state, estatus, credit) VALUES ('70800827L', 'Isabel', 'vera_1988_mv@earthling.net', '4811545344775254', '1991-07-20', 'ESTADO_02', '1', '2600');
INSERT INTO tarjetas(id, nombre, email, tta, bdate, state, estatus, credit) VALUES ('63459705Z', 'Ivan', 'castellanos_z3@hotmail.co.uk', '447806126064519', '1998-08-11', 'ESTADO_03', '1', '2500');
INSERT INTO tarjetas(id, nombre, email, tta, bdate, state, estatus, credit) VALUES ('67427431X', 'Maria Gloria', 'camacho_jx@gmail.com', '4707816235890685', '1979-04-19', 'ESTADO_01', '1', '1000');
INSERT INTO tarjetas(id, nombre, email, tta, bdate, state, estatus, credit) VALUES ('93408195C', 'Mirian', 'roca_8@post.com', '4538258884837128', '1987-01-05', 'ESTADO_03', '1', '2600');
INSERT INTO tarjetas(id, nombre, email, tta, bdate, state, estatus, credit) VALUES ('97717412A', 'Antonio Jose', 'exposito_1@hotmail.com', '491921905287093', '2002-06-19', 'ESTADO_04', '0', '1000');
INSERT INTO tarjetas(id, nombre, email, tta, bdate, state, estatus, credit) VALUES ('46954439P', 'Ismael', 'alcazar_0p@lycos.de', '4508594239094825', '2001-06-24', 'ESTADO_03', '1', '2500');
INSERT INTO tarjetas(id, nombre, email, tta, bdate, state, estatus, credit) VALUES ('80711445Y', 'Encarnacion', 'murillo_2007_z@lycos.at', '4866182809846554', '1972-12-21', 'ESTADO_01', '1', '2600');
INSERT INTO tarjetas(id, nombre, email, tta, bdate, state, estatus, credit) VALUES ('59089779L', 'Francisco Jesus', 'casado_b2@talk21.com', '4599715278161759', '1981-08-21', 'ESTADO_05', '0', '2000');
INSERT INTO tarjetas(id, nombre, email, tta, bdate, state, estatus, credit) VALUES ('12922724J', 'Elsa', 'aguado_04@hotmail.com', '4601883918849732', '2001-03-03', 'ESTADO_03', '0', '2000');
INSERT INTO tarjetas(id, nombre, email, tta, bdate, state, estatus, credit) VALUES ('15103398B', 'Macarena', 'barba_2000_k@journalism.com', '4217893596600006', '1969-12-03', 'ESTADO_05', '0', '2000');
INSERT INTO tarjetas(id, nombre, email, tta, bdate, state, estatus, credit) VALUES ('03237510F', 'Violeta', 'velazquez_2017_do@yahoo.es', '4404084224214625', '1965-09-21', 'ESTADO_01', '1', '2500');
INSERT INTO tarjetas(id, nombre, email, tta, bdate, state, estatus, credit) VALUES ('94633492S', 'Teodoro', 'frias_0@writeme.com', '4201513440072073', '1970-09-05', 'ESTADO_01', '0', '2500');
INSERT INTO tarjetas(id, nombre, email, tta, bdate, state, estatus, credit) VALUES ('98379708Z', 'Laura', 'bartolome_7@hotmail.co.uk', '4299250439094692', '1996-08-24', 'ESTADO_04', '1', '1000');
INSERT INTO tarjetas(id, nombre, email, tta, bdate, state, estatus, credit) VALUES ('30409951H', 'Elsa', 'pena_1978_c@usa.com', '4309233234774310', '1983-03-06', 'ESTADO_01', '1', '2500');
INSERT INTO tarjetas(id, nombre, email, tta, bdate, state, estatus, credit) VALUES ('61768014L', 'Consolacion', 'otero_2007_l@lycos.de', '4452581331484984', '1977-01-08', 'ESTADO_03', '1', '2000');
INSERT INTO tarjetas(id, nombre, email, tta, bdate, state, estatus, credit) VALUES ('36251048N', 'Kevin', 'riera_k@teacher.com', '4680950909268703', '1982-09-13', 'ESTADO_01', '1', '2600');
INSERT INTO tarjetas(id, nombre, email, tta, bdate, state, estatus, credit) VALUES ('65026781P', 'Maria Concepcion', 'molina_va@aim.com', '4553476029022188', '1975-01-20', 'ESTADO_05', '0', '1000');
INSERT INTO tarjetas(id, nombre, email, tta, bdate, state, estatus, credit) VALUES ('66765935V', 'Adria', 'valverde_59@unforgettable.com', '4252994707585775', '1970-04-05', 'ESTADO_01', '0', '1500');
INSERT INTO tarjetas(id, nombre, email, tta, bdate, state, estatus, credit) VALUES ('16697046N', 'Leyre', 'bravo_6@lycos.de', '461451400151004', '1996-06-20', 'ESTADO_05', '1', '1000');
INSERT INTO tarjetas(id, nombre, email, tta, bdate, state, estatus, credit) VALUES ('27995356D', 'Maria Remedios', 'arias_1991_mq@hotmail.co.uk', '4263823892470658', '2002-03-20', 'ESTADO_05', '1', '2600');
INSERT INTO tarjetas(id, nombre, email, tta, bdate, state, estatus, credit) VALUES ('97822162B', 'Maria Gloria', 'sainz_i@hotmail.com', '4346913979832234', '1980-01-10', 'ESTADO_03', '1', '2600');
INSERT INTO tarjetas(id, nombre, email, tta, bdate, state, estatus, credit) VALUES ('35068418L', 'Leticia', 'alcala_5j@aol.com', '4684947143174305', '1996-11-27', 'ESTADO_01', '0', '2600');
INSERT INTO tarjetas(id, nombre, email, tta, bdate, state, estatus, credit) VALUES ('44778535L', 'Ane', 'rebollo_1971_j@aim.com', '4620055215484953', '2004-11-09', 'ESTADO_02', '0', '2600');
INSERT INTO tarjetas(id, nombre, email, tta, bdate, state, estatus, credit) VALUES ('83620848R', 'Felicidad', 'flores_q@whoever.com', '4708478928235527', '1973-03-01', 'ESTADO_02', '1', '2000');
INSERT INTO tarjetas(id, nombre, email, tta, bdate, state, estatus, credit) VALUES ('60478319A', 'Maria Cruz', 'luis_a6@writeme.com', '416044037666464', '2004-12-08', 'ESTADO_03', '0', '2600');
INSERT INTO tarjetas(id, nombre, email, tta, bdate, state, estatus, credit) VALUES ('32728658A', 'Merce', 'contreras_2@msn.com', '486304165525725', '1967-07-17', 'ESTADO_01', '0', '2600');
INSERT INTO tarjetas(id, nombre, email, tta, bdate, state, estatus, credit) VALUES ('98927559M', 'Dolores', 'toledo_2o@aol.com', '4824984462532277', '1978-12-06', 'ESTADO_04', '1', '1000');
INSERT INTO tarjetas(id, nombre, email, tta, bdate, state, estatus, credit) VALUES ('86290900Y', 'Agustin', 'criado_dr@lycos.de', '4758804900947681', '1979-12-10', 'ESTADO_04', '1', '1500');
INSERT INTO tarjetas(id, nombre, email, tta, bdate, state, estatus, credit) VALUES ('39109464B', 'Iria', 'huerta_2016_g@journalism.com', '490995275867438', '1996-10-10', 'ESTADO_03', '0', '2600');
INSERT INTO tarjetas(id, nombre, email, tta, bdate, state, estatus, credit) VALUES ('96956575Y', 'Amalia', 'marques_r6@hotmail.com', '4571010882934029', '1993-10-23', 'ESTADO_02', '0', '2000');
INSERT INTO tarjetas(id, nombre, email, tta, bdate, state, estatus, credit) VALUES ('01991256P', 'Mariana', 'velazquez_2009_uw@scientist.com', '48135083328102', '1997-05-19', 'ESTADO_05', '0', '2500');
INSERT INTO tarjetas(id, nombre, email, tta, bdate, state, estatus, credit) VALUES ('06051059N', 'Nadia', 'vazquez_2018_y0@lycos.co.uk', '4543875700893036', '1991-06-13', 'ESTADO_01', '0', '1500');
INSERT INTO tarjetas(id, nombre, email, tta, bdate, state, estatus, credit) VALUES ('94795987S', 'Benita', 'fajardo_tv@hotmail.co.uk', '4458576552145599', '1976-02-08', 'ESTADO_01', '0', '2000');
INSERT INTO tarjetas(id, nombre, email, tta, bdate, state, estatus, credit) VALUES ('34811954M', 'Santos', 'plaza_2019_xr@aim.com', '4706571722665261', '1983-12-13', 'ESTADO_04', '0', '1500');
INSERT INTO tarjetas(id, nombre, email, tta, bdate, state, estatus, credit) VALUES ('76947636D', 'Maria Jesus', 'sanchis_2015_3@lycos.de', '4969984093874689', '1993-11-05', 'ESTADO_02', '1', '1000');
INSERT INTO tarjetas(id, nombre, email, tta, bdate, state, estatus, credit) VALUES ('37013742A', 'Luis Alberto', 'medina_p@journalism.com', '4410337039875275', '1975-10-03', 'ESTADO_04', '1', '2600');
INSERT INTO tarjetas(id, nombre, email, tta, bdate, state, estatus, credit) VALUES ('11216963R', 'Judith', 'mora_2014_w@unforgettable.com', '473839827400481', '1982-04-01', 'ESTADO_03', '1', '1000');
INSERT INTO tarjetas(id, nombre, email, tta, bdate, state, estatus, credit) VALUES ('92938724W', 'Iris', 'carrasco_x@btinternet.com', '4281320674924232', '1966-05-14', 'ESTADO_01', '1', '2000');
INSERT INTO tarjetas(id, nombre, email, tta, bdate, state, estatus, credit) VALUES ('32788735G', 'Alonso', 'mosquera_cz@yahoo.com', '4405219787935278', '1976-07-19', 'ESTADO_04', '0', '1500');
INSERT INTO tarjetas(id, nombre, email, tta, bdate, state, estatus, credit) VALUES ('13989358E', 'Jose Luis', 'dasilva_z@aim.com', '4119561114681530', '1990-08-14', 'ESTADO_05', '0', '1500');
INSERT INTO tarjetas(id, nombre, email, tta, bdate, state, estatus, credit) VALUES ('90483390X', 'Rachid', 'quintero_4@talk21.com', '482397923700519', '1986-07-01', 'ESTADO_05', '0', '2600');
INSERT INTO tarjetas(id, nombre, email, tta, bdate, state, estatus, credit) VALUES ('46731852S', 'Iñigo', 'ros_2019_s@lycos.co.uk', '4865924880418055', '1998-09-01', 'ESTADO_02', '0', '1000');
INSERT INTO tarjetas(id, nombre, email, tta, bdate, state, estatus, credit) VALUES ('95555648D', 'Carme', 'hervas_w@yahoo.com', '4983298835570170', '1976-04-07', 'ESTADO_02', '0', '1500');
INSERT INTO tarjetas(id, nombre, email, tta, bdate, state, estatus, credit) VALUES ('80702825B', 'Iria', 'sastre_1989_yk@teacher.com', '4863699949678277', '1976-09-13', 'ESTADO_03', '1', '2000');
INSERT INTO tarjetas(id, nombre, email, tta, bdate, state, estatus, credit) VALUES ('14128000C', 'Nicolas', 'carrasco_2016_2@yahoo.es', '4738762775320498', '2000-11-17', 'ESTADO_03', '0', '2500');
INSERT INTO tarjetas(id, nombre, email, tta, bdate, state, estatus, credit) VALUES ('79926815K', 'Neus', 'amador_2005_5@talk21.com', '4732003982503154', '1978-05-10', 'ESTADO_04', '1', '2500');
INSERT INTO tarjetas(id, nombre, email, tta, bdate, state, estatus, credit) VALUES ('81606515P', 'Gerardo', 'millan_xw@lycos.nl', '4560797378748706', '2004-09-07', 'ESTADO_05', '1', '2500');
INSERT INTO tarjetas(id, nombre, email, tta, bdate, state, estatus, credit) VALUES ('78822143Q', 'Joaquina', 'pons_b@msn.com', '4212069536261234', '1990-06-24', 'ESTADO_04', '1', '2000');
INSERT INTO tarjetas(id, nombre, email, tta, bdate, state, estatus, credit) VALUES ('82746335V', 'Juan Bautista', 'sosa_2000_k@aim.com', '4767443828677952', '1983-02-24', 'ESTADO_04', '0', '1000');
INSERT INTO tarjetas(id, nombre, email, tta, bdate, state, estatus, credit) VALUES ('21409706H', 'Luis Alberto', 'aranda_1982_1m@iname.com', '436298846964793', '1982-01-13', 'ESTADO_01', '1', '1000');
INSERT INTO tarjetas(id, nombre, email, tta, bdate, state, estatus, credit) VALUES ('50379888K', 'Josefa', 'nicolas_2004_du@witty.com', '4581494528594926', '1988-05-09', 'ESTADO_05', '0', '1000');
INSERT INTO tarjetas(id, nombre, email, tta, bdate, state, estatus, credit) VALUES ('41901959F', 'Ahmed', 'morcillo_pj@gmail.com', '4229416919738224', '1992-04-05', 'ESTADO_01', '0', '2600');
INSERT INTO tarjetas(id, nombre, email, tta, bdate, state, estatus, credit) VALUES ('88288466E', 'Juan Carlos', 'velazquez_2009_j7@scientist.com', '4476096511126315', '2004-04-01', 'ESTADO_04', '1', '2600');
INSERT INTO tarjetas(id, nombre, email, tta, bdate, state, estatus, credit) VALUES ('62819682N', 'Elena', 'martin_z@whoever.com', '4908958149184388', '1988-04-28', 'ESTADO_04', '1', '1000');
INSERT INTO tarjetas(id, nombre, email, tta, bdate, state, estatus, credit) VALUES ('81669488F', 'Aitor', 'sanz_1981_gc@journalism.com', '4978624042572112', '2001-02-21', 'ESTADO_03', '1', '2500');
INSERT INTO tarjetas(id, nombre, email, tta, bdate, state, estatus, credit) VALUES ('72927124N', 'Eloy', 'casado_i@talk21.com', '4925820708061408', '1980-06-30', 'ESTADO_03', '0', '2000');
INSERT INTO tarjetas(id, nombre, email, tta, bdate, state, estatus, credit) VALUES ('11658073V', 'Gonzalo', 'falcon_2015_j@scientist.com', '439464619189433', '1978-04-27', 'ESTADO_02', '1', '1500');
INSERT INTO tarjetas(id, nombre, email, tta, bdate, state, estatus, credit) VALUES ('21250997D', 'Antoni', 'olivares_1987_cp@yahoo.es', '4885236342107812', '1978-10-30', 'ESTADO_04', '1', '1500');
INSERT INTO tarjetas(id, nombre, email, tta, bdate, state, estatus, credit) VALUES ('05094047F', 'Iker', 'marin_x@gmail.com', '4666918149942617', '2001-09-16', 'ESTADO_02', '1', '2000');
INSERT INTO tarjetas(id, nombre, email, tta, bdate, state, estatus, credit) VALUES ('40828895P', 'Isabel Maria', 'pons_1986_sy@lycos.it', '4909711491215592', '1969-08-31', 'ESTADO_01', '1', '2000');
INSERT INTO tarjetas(id, nombre, email, tta, bdate, state, estatus, credit) VALUES ('92862565L', 'Noa', 'pineiro_a0@gmail.com', '4640030473873433', '1991-06-20', 'ESTADO_02', '0', '2600');
INSERT INTO tarjetas(id, nombre, email, tta, bdate, state, estatus, credit) VALUES ('56428529F', 'Alicia', 'sola_1976_9h@btinternet.com', '4165305633319567', '1991-01-26', 'ESTADO_01', '1', '2000');
INSERT INTO tarjetas(id, nombre, email, tta, bdate, state, estatus, credit) VALUES ('91091352J', 'Sebastian', 'catalan_1991_jh@writeme.com', '4773734597160978', '1967-09-22', 'ESTADO_01', '0', '1500');
INSERT INTO tarjetas(id, nombre, email, tta, bdate, state, estatus, credit) VALUES ('67992826L', 'Matilde', 'muniz_1@journalism.com', '4414038675102430', '1985-10-06', 'ESTADO_03', '1', '1500');
INSERT INTO tarjetas(id, nombre, email, tta, bdate, state, estatus, credit) VALUES ('76427295C', 'Roberto', 'benitez_1996_mr@aol.com', '4552505735101208', '1978-10-03', 'ESTADO_04', '0', '2000');
INSERT INTO tarjetas(id, nombre, email, tta, bdate, state, estatus, credit) VALUES ('15631344S', 'Estrella', 'rivas_g@post.com', '4187072833574409', '1969-02-26', 'ESTADO_02', '0', '1000');
INSERT INTO tarjetas(id, nombre, email, tta, bdate, state, estatus, credit) VALUES ('02752439Y', 'Francesc', 'agudo_1987_7@aim.com', '449595367473251', '1993-08-23', 'ESTADO_02', '0', '2600');
INSERT INTO tarjetas(id, nombre, email, tta, bdate, state, estatus, credit) VALUES ('34896609C', 'Ezequiel', 'luna_1998_j@lycos.it', '4923633095117960', '1973-08-14', 'ESTADO_02', '0', '2600');
INSERT INTO tarjetas(id, nombre, email, tta, bdate, state, estatus, credit) VALUES ('94098021F', 'Marc', 'miguel_jf@scientist.com', '4898335855437486', '2004-01-15', 'ESTADO_05', '0', '2000');
INSERT INTO tarjetas(id, nombre, email, tta, bdate, state, estatus, credit) VALUES ('96520314D', 'Laura', 'royo_2017_oh@gmail.com', '4365077699227095', '1997-01-31', 'ESTADO_02', '1', '2600');
INSERT INTO tarjetas(id, nombre, email, tta, bdate, state, estatus, credit) VALUES ('74796473J', 'Isidro', 'delatorre_2000_6h@lycos.es', '4708945257705304', '1996-10-02', 'ESTADO_05', '0', '2600');
INSERT INTO tarjetas(id, nombre, email, tta, bdate, state, estatus, credit) VALUES ('92743124V', 'Laia', 'canovas_1980_de@lycos.de', '4753508894006140', '1998-10-03', 'ESTADO_05', '0', '2000');
INSERT INTO tarjetas(id, nombre, email, tta, bdate, state, estatus, credit) VALUES ('93588312R', 'Eugenia', 'cerezo_19@witty.com', '4761986197433460', '2002-08-08', 'ESTADO_01', '0', '1000');
INSERT INTO tarjetas(id, nombre, email, tta, bdate, state, estatus, credit) VALUES ('51349766N', 'Samuel', 'montoya_yv@lycos.de', '4412726236647610', '1973-09-22', 'ESTADO_03', '1', '2000');
INSERT INTO tarjetas(id, nombre, email, tta, bdate, state, estatus, credit) VALUES ('45711283W', 'Maria Milagros', 'palma_2013_k@journalism.com', '4250975789333434', '1982-12-16', 'ESTADO_01', '0', '1000');
INSERT INTO tarjetas(id, nombre, email, tta, bdate, state, estatus, credit) VALUES ('17882815Q', 'Gheorghe', 'lorenzo_w@mail.com', '483239890631021', '1983-07-21', 'ESTADO_05', '1', '2500');
INSERT INTO tarjetas(id, nombre, email, tta, bdate, state, estatus, credit) VALUES ('34980406M', 'Amador', 'morcillo_q5@lycos.it', '4618786938008430', '1994-09-17', 'ESTADO_02', '1', '2500');
INSERT INTO tarjetas(id, nombre, email, tta, bdate, state, estatus, credit) VALUES ('60920411N', 'Nuria', 'sanchez_z@caramail.com', '4670922684283027', '1968-03-18', 'ESTADO_02', '1', '2000');
INSERT INTO tarjetas(id, nombre, email, tta, bdate, state, estatus, credit) VALUES ('34753952D', 'Maria Remedios', 'valenzuela_2003_i@libero.it', '4654467755341007', '2004-07-01', 'ESTADO_03', '1', '1500');
INSERT INTO tarjetas(id, nombre, email, tta, bdate, state, estatus, credit) VALUES ('50197888C', 'Ildefonso', 'suarez_1976_89@lycos.es', '4646284348631559', '2002-07-16', 'ESTADO_02', '0', '1500');
INSERT INTO tarjetas(id, nombre, email, tta, bdate, state, estatus, credit) VALUES ('01130097S', 'Gerardo', 'gimenez_im@yahoo.es', '4694559903391140', '1969-01-12', 'ESTADO_02', '1', '2500');
INSERT INTO tarjetas(id, nombre, email, tta, bdate, state, estatus, credit) VALUES ('66436034M', 'Lourdes', 'peinado_1991_i@netscape.net', '4213419826840149', '1992-11-12', 'ESTADO_01', '1', '2500');
INSERT INTO tarjetas(id, nombre, email, tta, bdate, state, estatus, credit) VALUES ('02758217B', 'Jan', 'sanchis_2016_1e@scientist.com', '491230817695579', '1970-01-20', 'ESTADO_02', '1', '2500');
INSERT INTO tarjetas(id, nombre, email, tta, bdate, state, estatus, credit) VALUES ('95432239H', 'Teodoro', 'leon_2010_xw@gmail.com', '4245691119113192', '1968-08-30', 'ESTADO_03', '0', '1000');
INSERT INTO tarjetas(id, nombre, email, tta, bdate, state, estatus, credit) VALUES ('87718935V', 'Francisco Antonio', 'freire_1988_g@lycos.nl', '4518563362014502', '2004-08-11', 'ESTADO_05', '1', '2500');
INSERT INTO tarjetas(id, nombre, email, tta, bdate, state, estatus, credit) VALUES ('18637100Q', 'Noelia', 'vargas_2018_u@lycos.co.uk', '4240210364260262', '1965-10-02', 'ESTADO_03', '0', '2600');
INSERT INTO tarjetas(id, nombre, email, tta, bdate, state, estatus, credit) VALUES ('94341021N', 'Damian', 'castano_qs@lycos.de', '4145603295493141', '1985-02-08', 'ESTADO_02', '1', '2000');
INSERT INTO tarjetas(id, nombre, email, tta, bdate, state, estatus, credit) VALUES ('87379267J', 'Ion', 'cid_qs@gmail.com', '4607995625605019', '1968-06-23', 'ESTADO_05', '1', '2000');
INSERT INTO tarjetas(id, nombre, email, tta, bdate, state, estatus, credit) VALUES ('85061071X', 'Raquel', 'delacruz_z@techie.com', '4567648709963808', '1996-11-03', 'ESTADO_03', '1', '1000');
INSERT INTO tarjetas(id, nombre, email, tta, bdate, state, estatus, credit) VALUES ('80103710T', 'Iñigo', 'martinez_2014_n@aol.com', '423107956863718', '1983-01-06', 'ESTADO_05', '0', '2500');
INSERT INTO tarjetas(id, nombre, email, tta, bdate, state, estatus, credit) VALUES ('64069250J', 'Faustino', 'fuentes_2020_p3@gmail.com', '4897943844179621', '1972-05-02', 'ESTADO_01', '1', '2500');
INSERT INTO tarjetas(id, nombre, email, tta, bdate, state, estatus, credit) VALUES ('70859998B', 'Paula', 'grau_1972_r@blu.it', '4636604215396931', '1994-07-15', 'ESTADO_02', '0', '2500');
INSERT INTO tarjetas(id, nombre, email, tta, bdate, state, estatus, credit) VALUES ('10646270F', 'Victoria', 'galindo_j@writeme.com', '4616043101494050', '1996-04-05', 'ESTADO_04', '0', '2600');
INSERT INTO tarjetas(id, nombre, email, tta, bdate, state, estatus, credit) VALUES ('08605680T', 'Eduard', 'bernal_1974_a@btinternet.com', '4948334307599266', '1968-04-25', 'ESTADO_02', '1', '1500');
INSERT INTO tarjetas(id, nombre, email, tta, bdate, state, estatus, credit) VALUES ('08627472B', 'Mercedes', 'nicolas_60@lycos.co.uk', '4784735899809425', '2002-05-08', 'ESTADO_04', '0', '2000');
INSERT INTO tarjetas(id, nombre, email, tta, bdate, state, estatus, credit) VALUES ('04104954Y', 'Florencio', 'duarte_u@aim.com', '4868027534042458', '1977-03-07', 'ESTADO_05', '0', '2600');
INSERT INTO tarjetas(id, nombre, email, tta, bdate, state, estatus, credit) VALUES ('35188217B', 'Maria Yolanda', 'rojo_1989_45@hotmail.co.uk', '4461123189215902', '1965-03-21', 'ESTADO_05', '1', '2000');
INSERT INTO tarjetas(id, nombre, email, tta, bdate, state, estatus, credit) VALUES ('66897302P', 'Iris', 'lara_f@techie.com', '4320806482119836', '1979-07-05', 'ESTADO_01', '1', '2500');
INSERT INTO tarjetas(id, nombre, email, tta, bdate, state, estatus, credit) VALUES ('39173772B', 'Emilia', 'naranjo_1978_n@btinternet.com', '4914461934718371', '1986-04-08', 'ESTADO_02', '1', '1500');
INSERT INTO tarjetas(id, nombre, email, tta, bdate, state, estatus, credit) VALUES ('78833288Y', 'Mohamed', 'bosch_1981_h@caramail.com', '4438651466023680', '1986-03-05', 'ESTADO_01', '0', '2000');
INSERT INTO tarjetas(id, nombre, email, tta, bdate, state, estatus, credit) VALUES ('75190042Y', 'Claudia', 'angulo_2008_8m@caramail.com', '4494701306277599', '1984-05-29', 'ESTADO_05', '0', '1000');
INSERT INTO tarjetas(id, nombre, email, tta, bdate, state, estatus, credit) VALUES ('80522820G', 'Ezequiel', 'cobos_1986_up@talk21.com', '4917625510036179', '1971-01-19', 'ESTADO_05', '1', '1000');
INSERT INTO tarjetas(id, nombre, email, tta, bdate, state, estatus, credit) VALUES ('26999362F', 'Lola', 'mohamed_b@witty.com', '4122318230492887', '1975-05-04', 'ESTADO_01', '0', '2600');
INSERT INTO tarjetas(id, nombre, email, tta, bdate, state, estatus, credit) VALUES ('52260998F', 'Christian', 'salguero_2019_u@unforgettable.com', '4887212590007804', '1988-10-27', 'ESTADO_03', '1', '1500');
INSERT INTO tarjetas(id, nombre, email, tta, bdate, state, estatus, credit) VALUES ('76107491P', 'Jose Maria', 'torres_2009_zf@usa.com', '4788990183609470', '1988-11-10', 'ESTADO_02', '1', '2000');
INSERT INTO tarjetas(id, nombre, email, tta, bdate, state, estatus, credit) VALUES ('73012635D', 'Eduard', 'pla_z@yahoo.com', '447309589064894', '1978-11-21', 'ESTADO_04', '0', '2500');
INSERT INTO tarjetas(id, nombre, email, tta, bdate, state, estatus, credit) VALUES ('77761866Q', 'Jonathan', 'campo_lf@yahoo.es', '4834603650126746', '1977-10-01', 'ESTADO_05', '0', '1500');
INSERT INTO tarjetas(id, nombre, email, tta, bdate, state, estatus, credit) VALUES ('64293641Q', 'Beatriz', 'soria_1972_9@lycos.es', '4738143574887161', '1971-05-27', 'ESTADO_03', '0', '2500');
INSERT INTO tarjetas(id, nombre, email, tta, bdate, state, estatus, credit) VALUES ('75236787S', 'Alvaro', 'vila_yb@gmail.com', '4841787818099498', '1979-03-07', 'ESTADO_03', '0', '2600');
INSERT INTO tarjetas(id, nombre, email, tta, bdate, state, estatus, credit) VALUES ('79339518Y', 'Emma', 'villa_g0@lycos.de', '4793402573058923', '1986-11-04', 'ESTADO_01', '0', '2000');
INSERT INTO tarjetas(id, nombre, email, tta, bdate, state, estatus, credit) VALUES ('89932547V', 'Avelino', 'esteban_i@yahoo.es', '4429782567953813', '2000-09-20', 'ESTADO_05', '1', '1000');
INSERT INTO tarjetas(id, nombre, email, tta, bdate, state, estatus, credit) VALUES ('63094716N', 'Antonio Jose', 'ferreiro_1991_kf@mail.com', '4281438721614141', '1987-08-31', 'ESTADO_05', '1', '2000');
INSERT INTO tarjetas(id, nombre, email, tta, bdate, state, estatus, credit) VALUES ('94902287D', 'Maite', 'pavon_2008_ju@earthling.net', '4469975505454883', '1994-02-18', 'ESTADO_01', '0', '2000');
INSERT INTO tarjetas(id, nombre, email, tta, bdate, state, estatus, credit) VALUES ('55749554S', 'Julio', 'valero_1973_y@lycos.at', '4134449589278522', '1977-07-19', 'ESTADO_02', '0', '1000');
INSERT INTO tarjetas(id, nombre, email, tta, bdate, state, estatus, credit) VALUES ('10910669K', 'Iris', 'brito_e@unforgettable.com', '479570280024849', '1983-02-18', 'ESTADO_04', '1', '1000');
INSERT INTO tarjetas(id, nombre, email, tta, bdate, state, estatus, credit) VALUES ('51202872L', 'Maria Sol', 'royo_1996_hy@usa.com', '4618274879491576', '1993-05-05', 'ESTADO_05', '1', '1500');
INSERT INTO tarjetas(id, nombre, email, tta, bdate, state, estatus, credit) VALUES ('46151026P', 'Pilar', 'salinas_1974_r@lycos.es', '4618161408432363', '2004-10-25', 'ESTADO_01', '1', '1000');
INSERT INTO tarjetas(id, nombre, email, tta, bdate, state, estatus, credit) VALUES ('70849945D', 'Jesus Manuel', 'pastor_4@netscape.com', '4571601634765875', '1970-07-02', 'ESTADO_01', '1', '1000');
INSERT INTO tarjetas(id, nombre, email, tta, bdate, state, estatus, credit) VALUES ('62716966Z', 'Teresa', 'luque_2004_e@caramail.com', '4881152456997860', '1976-04-28', 'ESTADO_05', '0', '2600');
INSERT INTO tarjetas(id, nombre, email, tta, bdate, state, estatus, credit) VALUES ('70837465H', 'Jan', 'ayala_1987_jy@caramail.com', '4395048348144712', '2004-02-13', 'ESTADO_05', '1', '1500');
INSERT INTO tarjetas(id, nombre, email, tta, bdate, state, estatus, credit) VALUES ('47604425Z', 'Soraya', 'benito_sw@gmail.com', '447932541590522', '2002-11-01', 'ESTADO_01', '1', '1000');
INSERT INTO tarjetas(id, nombre, email, tta, bdate, state, estatus, credit) VALUES ('51311147X', 'Nayara', 'marco_1998_yv@msn.com', '4499789345128498', '1985-03-26', 'ESTADO_03', '0', '2600');
INSERT INTO tarjetas(id, nombre, email, tta, bdate, state, estatus, credit) VALUES ('68279473V', 'Pedro Manuel', 'muniz_2016_d@aim.com', '4562863998452646', '1967-12-18', 'ESTADO_02', '0', '2000');
INSERT INTO tarjetas(id, nombre, email, tta, bdate, state, estatus, credit) VALUES ('85273979F', 'Rafael', 'olivares_dp@lycos.nl', '4823684792604546', '1996-06-27', 'ESTADO_01', '1', '2500');
INSERT INTO tarjetas(id, nombre, email, tta, bdate, state, estatus, credit) VALUES ('38499427A', 'Serafin', 'casas_z@email.com', '4726938074372307', '1974-05-24', 'ESTADO_01', '0', '2000');
INSERT INTO tarjetas(id, nombre, email, tta, bdate, state, estatus, credit) VALUES ('30744032R', 'Abril', 'gomez_1979_3q@btinternet.com', '4188373260334021', '1981-03-28', 'ESTADO_01', '0', '2600');
INSERT INTO tarjetas(id, nombre, email, tta, bdate, state, estatus, credit) VALUES ('42499941N', 'Jaime', 'calero_1998_g@whoever.com', '4807605284121095', '1997-05-31', 'ESTADO_02', '1', '1000');
INSERT INTO tarjetas(id, nombre, email, tta, bdate, state, estatus, credit) VALUES ('65604751B', 'Ricardo', 'rosado_s@blu.it', '4283657221425108', '1973-06-03', 'ESTADO_04', '0', '1000');
INSERT INTO tarjetas(id, nombre, email, tta, bdate, state, estatus, credit) VALUES ('33857837C', 'Manuel', 'aragon_1972_u@yahoo.es', '4420937164204619', '1981-10-15', 'ESTADO_05', '1', '2600');
INSERT INTO tarjetas(id, nombre, email, tta, bdate, state, estatus, credit) VALUES ('66380807R', 'Ruth', 'fraile_1985_dk@caramail.com', '4677977392184720', '1971-02-17', 'ESTADO_05', '0', '2500');
INSERT INTO tarjetas(id, nombre, email, tta, bdate, state, estatus, credit) VALUES ('25991879Q', 'Ana Cristina', 'vila_1988_rg@techie.com', '4488755219391606', '1965-09-26', 'ESTADO_05', '1', '2600');
INSERT INTO tarjetas(id, nombre, email, tta, bdate, state, estatus, credit) VALUES ('89172262C', 'Amanda', 'aguirre_2005_h@lycos.de', '4599876141502551', '1974-10-08', 'ESTADO_02', '0', '2500');
INSERT INTO tarjetas(id, nombre, email, tta, bdate, state, estatus, credit) VALUES ('52005391E', 'Nadia', 'catalan_a@iname.com', '4618400821358361', '2000-02-18', 'ESTADO_01', '1', '1500');
INSERT INTO tarjetas(id, nombre, email, tta, bdate, state, estatus, credit) VALUES ('81825390S', 'Maria Concepcion', 'zambrano_2011_v2@teacher.com', '4358392632368784', '1974-08-25', 'ESTADO_04', '1', '1000');
INSERT INTO tarjetas(id, nombre, email, tta, bdate, state, estatus, credit) VALUES ('03736041J', 'Purificacion', 'caro_4@mail.com', '4948205151203199', '1990-05-15', 'ESTADO_04', '0', '1500');
INSERT INTO tarjetas(id, nombre, email, tta, bdate, state, estatus, credit) VALUES ('55881139V', 'Begoña', 'sanz_1979_5l@techie.com', '4656939550659518', '1968-06-15', 'ESTADO_04', '0', '1500');
INSERT INTO tarjetas(id, nombre, email, tta, bdate, state, estatus, credit) VALUES ('89836703Z', 'Jose Juan', 'galindo_v@techie.com', '4758021473280198', '1986-09-26', 'ESTADO_05', '1', '2500');
INSERT INTO tarjetas(id, nombre, email, tta, bdate, state, estatus, credit) VALUES ('09586624V', 'Youssef', 'vera_x3@post.com', '4381195665909858', '1966-05-17', 'ESTADO_03', '0', '1500');
INSERT INTO tarjetas(id, nombre, email, tta, bdate, state, estatus, credit) VALUES ('17011346V', 'Claudia', 'rosa_x@lycos.es', '4732211384305736', '1970-04-01', 'ESTADO_05', '1', '1500');
INSERT INTO tarjetas(id, nombre, email, tta, bdate, state, estatus, credit) VALUES ('08245714F', 'Isabel Maria', 'domingo_d@lycos.co.uk', '436326192074972', '1989-05-18', 'ESTADO_05', '1', '2500');
INSERT INTO tarjetas(id, nombre, email, tta, bdate, state, estatus, credit) VALUES ('97443718D', 'Noelia', 'morillo_2016_mk@libero.it', '4745582590482328', '2002-03-07', 'ESTADO_04', '0', '2000');
INSERT INTO tarjetas(id, nombre, email, tta, bdate, state, estatus, credit) VALUES ('43512066E', 'Hortensia', 'salvador_u@witty.com', '4427357252581922', '1978-04-30', 'ESTADO_05', '1', '2500');
INSERT INTO tarjetas(id, nombre, email, tta, bdate, state, estatus, credit) VALUES ('38527684Q', 'Violeta', 'juarez_5b@blu.it', '4284847817841789', '1974-05-29', 'ESTADO_04', '1', '2500');
INSERT INTO tarjetas(id, nombre, email, tta, bdate, state, estatus, credit) VALUES ('01658073A', 'Pascual', 'pavon_cx@unforgettable.com', '4980936005282216', '2003-05-01', 'ESTADO_03', '0', '2600');
INSERT INTO tarjetas(id, nombre, email, tta, bdate, state, estatus, credit) VALUES ('85894954M', 'Luis Fernando', 'ayala_q@scientist.com', '4488515450534078', '1989-01-05', 'ESTADO_01', '1', '2000');
INSERT INTO tarjetas(id, nombre, email, tta, bdate, state, estatus, credit) VALUES ('75375877R', 'Elisa', 'guillen_1982_2@aim.com', '421573454071546', '1994-08-20', 'ESTADO_02', '0', '1000');
INSERT INTO tarjetas(id, nombre, email, tta, bdate, state, estatus, credit) VALUES ('75022906B', 'Alexander', 'iglesias_n@caramail.com', '4788933621285784', '1982-09-15', 'ESTADO_03', '0', '2500');
INSERT INTO tarjetas(id, nombre, email, tta, bdate, state, estatus, credit) VALUES ('48871025G', 'Helena', 'garcia_1978_w@netscape.net', '4928173926666682', '2004-09-10', 'ESTADO_01', '1', '2600');
INSERT INTO tarjetas(id, nombre, email, tta, bdate, state, estatus, credit) VALUES ('29079463B', 'Luis Antonio', 'garzon_f@gmail.com', '4101605874329606', '1973-06-16', 'ESTADO_04', '0', '1500');
INSERT INTO tarjetas(id, nombre, email, tta, bdate, state, estatus, credit) VALUES ('42673665V', 'Sergio', 'fuentes_kh@lycos.de', '4887047137586302', '1984-09-15', 'ESTADO_04', '0', '2600');
INSERT INTO tarjetas(id, nombre, email, tta, bdate, state, estatus, credit) VALUES ('87651028Y', 'Francesc', 'prado_i@yahoo.es', '4171595361385879', '1976-12-23', 'ESTADO_01', '0', '2600');
INSERT INTO tarjetas(id, nombre, email, tta, bdate, state, estatus, credit) VALUES ('16762492T', 'Carmen Maria', 'quintero_1972_5@libero.it', '4192311790583380', '1992-03-02', 'ESTADO_03', '1', '2000');
INSERT INTO tarjetas(id, nombre, email, tta, bdate, state, estatus, credit) VALUES ('88076239Q', 'Gabriela', 'saiz_1973_v2@scientist.com', '4485230820498441', '1983-07-27', 'ESTADO_04', '1', '1000');
INSERT INTO tarjetas(id, nombre, email, tta, bdate, state, estatus, credit) VALUES ('35476791G', 'Eva', 'ballester_f@netscape.net', '4811756688921202', '1969-12-17', 'ESTADO_01', '0', '1000');
INSERT INTO tarjetas(id, nombre, email, tta, bdate, state, estatus, credit) VALUES ('36766927R', 'Aitor', 'gallardo_1992_5w@netscape.net', '4614091677592338', '1966-09-24', 'ESTADO_05', '0', '1000');
INSERT INTO tarjetas(id, nombre, email, tta, bdate, state, estatus, credit) VALUES ('15876558A', 'Mar', 'valencia_1970_n@hotmail.com', '4421344425330862', '1990-05-01', 'ESTADO_02', '0', '2500');
INSERT INTO tarjetas(id, nombre, email, tta, bdate, state, estatus, credit) VALUES ('96530235V', 'Igor', 'mesa_s@teacher.com', '4673453205340549', '1998-04-20', 'ESTADO_02', '0', '1500');
INSERT INTO tarjetas(id, nombre, email, tta, bdate, state, estatus, credit) VALUES ('65844279V', 'Judit', 'calleja_i@email.com', '4711911327431888', '1997-10-26', 'ESTADO_04', '0', '1000');
INSERT INTO tarjetas(id, nombre, email, tta, bdate, state, estatus, credit) VALUES ('62866242C', 'Felicidad', 'bonet_ld@hotmail.co.uk', '4264728464413375', '1987-01-03', 'ESTADO_05', '0', '1500');
INSERT INTO tarjetas(id, nombre, email, tta, bdate, state, estatus, credit) VALUES ('17073691D', 'Oliver', 'vela_3@netscape.com', '4852246203175021', '1983-02-18', 'ESTADO_05', '0', '2000');
INSERT INTO tarjetas(id, nombre, email, tta, bdate, state, estatus, credit) VALUES ('37899330E', 'Luis Manuel', 'bernal_1997_1@journalism.com', '4138533165284024', '1976-05-13', 'ESTADO_01', '0', '2600');
INSERT INTO tarjetas(id, nombre, email, tta, bdate, state, estatus, credit) VALUES ('76059203C', 'Barbara', 'cabello_1994_wo@talk21.com', '4900592646222975', '1976-10-24', 'ESTADO_04', '1', '1000');
INSERT INTO tarjetas(id, nombre, email, tta, bdate, state, estatus, credit) VALUES ('50110857K', 'Isabel Maria', 'medina_1979_z6@msn.com', '4359360775583146', '1989-02-14', 'ESTADO_01', '0', '2000');
INSERT INTO tarjetas(id, nombre, email, tta, bdate, state, estatus, credit) VALUES ('18481119K', 'Maria Consuelo', 'galindo_7p@whoever.com', '46203615632516', '1993-09-04', 'ESTADO_04', '1', '1500');
INSERT INTO tarjetas(id, nombre, email, tta, bdate, state, estatus, credit) VALUES ('23195038K', 'Juan', 'zapata_4@writeme.com', '4328046239520232', '1980-06-24', 'ESTADO_02', '1', '1500');
INSERT INTO tarjetas(id, nombre, email, tta, bdate, state, estatus, credit) VALUES ('33503744N', 'Anna', 'costa_h4@lycos.de', '4796997840069766', '1974-07-11', 'ESTADO_02', '1', '2600');
INSERT INTO tarjetas(id, nombre, email, tta, bdate, state, estatus, credit) VALUES ('50116869F', 'Josefina', 'anton_r@unforgettable.com', '4137100647151717', '1971-10-05', 'ESTADO_05', '1', '1000');
INSERT INTO tarjetas(id, nombre, email, tta, bdate, state, estatus, credit) VALUES ('01638038R', 'Enrique', 'domingo_5@msn.co.uk', '4311446492910980', '1998-11-15', 'ESTADO_04', '1', '2000');
INSERT INTO tarjetas(id, nombre, email, tta, bdate, state, estatus, credit) VALUES ('86603786T', 'Andres', 'peralta_pa@writeme.com', '4888981483784690', '1996-03-20', 'ESTADO_05', '1', '2600');
INSERT INTO tarjetas(id, nombre, email, tta, bdate, state, estatus, credit) VALUES ('59863073F', 'Pedro Luis', 'santos_6z@witty.com', '4962431426973942', '1966-02-01', 'ESTADO_01', '0', '2000');
INSERT INTO tarjetas(id, nombre, email, tta, bdate, state, estatus, credit) VALUES ('65662540R', 'Alexander', 'lara_y@libero.it', '472584313568513', '1999-10-07', 'ESTADO_02', '0', '1000');
INSERT INTO tarjetas(id, nombre, email, tta, bdate, state, estatus, credit) VALUES ('87230080G', 'Juan Francisco', 'ocana_2016_s@gmail.com', '4171693378049768', '1979-06-04', 'ESTADO_02', '0', '1500');
INSERT INTO tarjetas(id, nombre, email, tta, bdate, state, estatus, credit) VALUES ('02155248X', 'Saturnino', 'villa_ko@lycos.at', '4833639842622490', '1965-04-28', 'ESTADO_02', '0', '1000');
INSERT INTO tarjetas(id, nombre, email, tta, bdate, state, estatus, credit) VALUES ('45866467M', 'Pedro Jose', 'ayala_1@techie.com', '465922675153244', '1983-01-29', 'ESTADO_04', '1', '2500');
INSERT INTO tarjetas(id, nombre, email, tta, bdate, state, estatus, credit) VALUES ('54930755Q', 'Jesus Maria', 'latorre_8@journalism.com', '4603008620192936', '1996-07-14', 'ESTADO_03', '0', '2600');
INSERT INTO tarjetas(id, nombre, email, tta, bdate, state, estatus, credit) VALUES ('20414385E', 'Daniela', 'martinez_qb@lycos.de', '4970350811881991', '1988-12-01', 'ESTADO_01', '0', '2500');
INSERT INTO tarjetas(id, nombre, email, tta, bdate, state, estatus, credit) VALUES ('12529814N', 'Alexandra', 'wang_u@lycos.it', '4378601507496256', '1973-01-07', 'ESTADO_02', '0', '2600');
INSERT INTO tarjetas(id, nombre, email, tta, bdate, state, estatus, credit) VALUES ('79180007T', 'Florencio', 'estrada_1999_n@techie.com', '4768493175789149', '1986-10-30', 'ESTADO_01', '0', '2000');
INSERT INTO tarjetas(id, nombre, email, tta, bdate, state, estatus, credit) VALUES ('62282686C', 'Claudia', 'carvajal_2001_oh@email.com', '4428912385274545', '1991-10-07', 'ESTADO_03', '1', '2000');
INSERT INTO tarjetas(id, nombre, email, tta, bdate, state, estatus, credit) VALUES ('23023741M', 'Mario', 'palomo_1k@writeme.com', '4154313046239060', '1997-12-30', 'ESTADO_03', '1', '1500');
INSERT INTO tarjetas(id, nombre, email, tta, bdate, state, estatus, credit) VALUES ('34931800K', 'Amparo', 'luque_c6@lycos.co.uk', '4231849601001657', '1966-03-17', 'ESTADO_02', '0', '2600');
INSERT INTO tarjetas(id, nombre, email, tta, bdate, state, estatus, credit) VALUES ('69240240M', 'Florencio', 'leal_tp@btinternet.com', '431229659623585', '1995-06-28', 'ESTADO_01', '1', '2600');
INSERT INTO tarjetas(id, nombre, email, tta, bdate, state, estatus, credit) VALUES ('88255273H', 'Francisco Javier', 'rios_1998_n@hotmail.com', '4662739849726280', '1975-08-14', 'ESTADO_03', '1', '2000');
INSERT INTO tarjetas(id, nombre, email, tta, bdate, state, estatus, credit) VALUES ('06608369D', 'Maria Gracia', 'benito_5@journalism.com', '4485506434410710', '1973-07-01', 'ESTADO_03', '1', '2600');
INSERT INTO tarjetas(id, nombre, email, tta, bdate, state, estatus, credit) VALUES ('70202335X', 'Juan Luis', 'cobos_a@netscape.com', '4406241074351562', '2003-10-04', 'ESTADO_04', '1', '2500');
INSERT INTO tarjetas(id, nombre, email, tta, bdate, state, estatus, credit) VALUES ('15176689R', 'Roger', 'correa_1987_l@msn.co.uk', '4842215731713176', '2003-11-13', 'ESTADO_03', '0', '1500');
INSERT INTO tarjetas(id, nombre, email, tta, bdate, state, estatus, credit) VALUES ('82923209K', 'Xabier', 'garcia_q@lycos.co.uk', '4713293191321216', '2004-01-22', 'ESTADO_05', '1', '1500');
INSERT INTO tarjetas(id, nombre, email, tta, bdate, state, estatus, credit) VALUES ('90997330S', 'Antonio Javier', 'salcedo_7c@netscape.net', '4408878828748086', '2002-03-03', 'ESTADO_03', '0', '1000');
INSERT INTO tarjetas(id, nombre, email, tta, bdate, state, estatus, credit) VALUES ('93171042C', 'Aitor', 'latorre_si@earthling.net', '453078971598717', '1998-09-16', 'ESTADO_01', '0', '1500');
INSERT INTO tarjetas(id, nombre, email, tta, bdate, state, estatus, credit) VALUES ('99923644Y', 'Xabier', 'saavedra_1979_a@techie.com', '4680493836936829', '1985-01-06', 'ESTADO_01', '0', '1500');
INSERT INTO tarjetas(id, nombre, email, tta, bdate, state, estatus, credit) VALUES ('90763708G', 'Alvaro', 'chaves_7@netscape.net', '4571478152443387', '1982-01-11', 'ESTADO_02', '0', '1000');
INSERT INTO tarjetas(id, nombre, email, tta, bdate, state, estatus, credit) VALUES ('93566595L', 'Africa', 'domenech_j@msn.co.uk', '4679347152035868', '1997-08-28', 'ESTADO_05', '1', '1500');
INSERT INTO tarjetas(id, nombre, email, tta, bdate, state, estatus, credit) VALUES ('59973911P', 'Ivan', 'davila_2002_ur@btinternet.com', '4540111277180810', '1974-02-15', 'ESTADO_01', '0', '2600');
INSERT INTO tarjetas(id, nombre, email, tta, bdate, state, estatus, credit) VALUES ('88101494V', 'Carme', 'mendoza_2010_sj@lycos.at', '4826209504138364', '1973-01-21', 'ESTADO_02', '1', '1000');
INSERT INTO tarjetas(id, nombre, email, tta, bdate, state, estatus, credit) VALUES ('07540839J', 'Lourdes', 'barroso_2@caramail.com', '4171833702704866', '1986-01-16', 'ESTADO_05', '0', '1000');
INSERT INTO tarjetas(id, nombre, email, tta, bdate, state, estatus, credit) VALUES ('55464393P', 'Borja', 'benitez_1999_d@earthling.net', '478402825054563', '1980-02-08', 'ESTADO_03', '0', '2500');
INSERT INTO tarjetas(id, nombre, email, tta, bdate, state, estatus, credit) VALUES ('13879024L', 'Daniela', 'duran_r@usa.com', '448097116874914', '1974-04-12', 'ESTADO_03', '1', '2600');
INSERT INTO tarjetas(id, nombre, email, tta, bdate, state, estatus, credit) VALUES ('73210498A', 'Ana Maria', 'domenech_74@post.com', '4602481126384888', '1976-12-12', 'ESTADO_03', '0', '2000');
INSERT INTO tarjetas(id, nombre, email, tta, bdate, state, estatus, credit) VALUES ('64859424E', 'Emma', 'alcaide_cb@earthling.net', '460231162132595', '1993-08-21', 'ESTADO_05', '0', '1500');
INSERT INTO tarjetas(id, nombre, email, tta, bdate, state, estatus, credit) VALUES ('99176630D', 'Albert', 'salguero_m@netscape.net', '4199852487419613', '1992-07-16', 'ESTADO_01', '1', '2500');
INSERT INTO tarjetas(id, nombre, email, tta, bdate, state, estatus, credit) VALUES ('62536046N', 'Jaime', 'pena_jd@libero.it', '4932239898118400', '1987-12-10', 'ESTADO_02', '1', '1000');
INSERT INTO tarjetas(id, nombre, email, tta, bdate, state, estatus, credit) VALUES ('90751557C', 'Petra', 'ballesteros_r@techie.com', '4756186854370694', '1989-11-28', 'ESTADO_04', '0', '2600');
INSERT INTO tarjetas(id, nombre, email, tta, bdate, state, estatus, credit) VALUES ('16110142E', 'Ruth', 'quesada_1983_90@netscape.net', '436330100376578', '1982-03-30', 'ESTADO_03', '0', '1000');
INSERT INTO tarjetas(id, nombre, email, tta, bdate, state, estatus, credit) VALUES ('29232293Y', 'Ramiro', 'cabezas_l@mail.com', '4569629875742711', '1984-10-13', 'ESTADO_04', '0', '1500');
INSERT INTO tarjetas(id, nombre, email, tta, bdate, state, estatus, credit) VALUES ('55021559Q', 'Nayara', 'alcala_1996_pw@hotmail.com', '4204546280305564', '1990-09-19', 'ESTADO_04', '1', '2500');
INSERT INTO tarjetas(id, nombre, email, tta, bdate, state, estatus, credit) VALUES ('77453121T', 'Esther', 'brito_1986_i0@btinternet.com', '4181314070378649', '1976-01-17', 'ESTADO_05', '1', '2600');
INSERT INTO tarjetas(id, nombre, email, tta, bdate, state, estatus, credit) VALUES ('33612051N', 'Candelaria', 'alonso_2006_1h@earthling.net', '427592024085566', '2004-04-18', 'ESTADO_04', '0', '2500');
INSERT INTO tarjetas(id, nombre, email, tta, bdate, state, estatus, credit) VALUES ('44221829M', 'Ali', 'quesada_2009_lu@yahoo.com', '4300563544216811', '1984-03-09', 'ESTADO_04', '0', '1500');
INSERT INTO tarjetas(id, nombre, email, tta, bdate, state, estatus, credit) VALUES ('67546604C', 'Adolfo', 'sanchis_1985_9@iname.com', '4799718694104591', '1974-03-01', 'ESTADO_05', '1', '2600');
INSERT INTO tarjetas(id, nombre, email, tta, bdate, state, estatus, credit) VALUES ('44622462R', 'Jose Manuel', 'carvajal_2010_i@netscape.com', '4994904221150017', '1967-12-03', 'ESTADO_03', '1', '2000');
INSERT INTO tarjetas(id, nombre, email, tta, bdate, state, estatus, credit) VALUES ('08486103T', 'Jose David', 'rodrigo_v@btinternet.com', '4182021200875852', '1992-07-02', 'ESTADO_01', '1', '2500');
INSERT INTO tarjetas(id, nombre, email, tta, bdate, state, estatus, credit) VALUES ('15789247T', 'Rosario', 'calero_n@msn.co.uk', '4793596929104727', '1973-05-23', 'ESTADO_05', '1', '2600');
INSERT INTO tarjetas(id, nombre, email, tta, bdate, state, estatus, credit) VALUES ('32768049H', 'Adrian', 'villanueva_2018_x@witty.com', '4497433710759296', '1982-01-04', 'ESTADO_03', '0', '2600');
INSERT INTO tarjetas(id, nombre, email, tta, bdate, state, estatus, credit) VALUES ('37092945V', 'Alexandre', 'sola_1999_k@post.com', '4442792241216811', '1970-11-16', 'ESTADO_02', '1', '1000');
INSERT INTO tarjetas(id, nombre, email, tta, bdate, state, estatus, credit) VALUES ('65590542Q', 'Bruno', 'dorado_1978_g@hotmail.com', '4420128736223630', '1970-08-23', 'ESTADO_01', '1', '2000');
INSERT INTO tarjetas(id, nombre, email, tta, bdate, state, estatus, credit) VALUES ('25658860Z', 'Isabel Maria', 'cano_2020_w@lycos.de', '4106737238031241', '1986-06-26', 'ESTADO_01', '1', '2500');
INSERT INTO tarjetas(id, nombre, email, tta, bdate, state, estatus, credit) VALUES ('51707691B', 'Sofia', 'bonilla_1973_1z@writeme.com', '4132271567608450', '1972-04-08', 'ESTADO_04', '0', '2500');
INSERT INTO tarjetas(id, nombre, email, tta, bdate, state, estatus, credit) VALUES ('85216893F', 'Candela', 'prado_1973_12@lycos.co.uk', '451186442347002', '1996-06-21', 'ESTADO_05', '1', '1500');
INSERT INTO tarjetas(id, nombre, email, tta, bdate, state, estatus, credit) VALUES ('37317628J', 'Jessica', 'fajardo_1999_r@usa.com', '4116441347965963', '1969-07-31', 'ESTADO_03', '1', '2500');
INSERT INTO tarjetas(id, nombre, email, tta, bdate, state, estatus, credit) VALUES ('89354333T', 'Jon', 'collado_gt@blu.it', '4884743403718420', '1971-07-12', 'ESTADO_01', '1', '2600');
INSERT INTO tarjetas(id, nombre, email, tta, bdate, state, estatus, credit) VALUES ('10005642K', 'Abel', 'canovas_1975_s@aol.com', '4428578985717017', '1966-10-30', 'ESTADO_01', '0', '2600');
INSERT INTO tarjetas(id, nombre, email, tta, bdate, state, estatus, credit) VALUES ('58171916V', 'Concepcion', 'moreno_k1@lycos.de', '4276251300366166', '1969-12-19', 'ESTADO_05', '1', '1000');
INSERT INTO tarjetas(id, nombre, email, tta, bdate, state, estatus, credit) VALUES ('34643530X', 'Elisabet', 'castellano_1981_21@btinternet.com', '4954856514974511', '1986-08-20', 'ESTADO_02', '0', '2500');
INSERT INTO tarjetas(id, nombre, email, tta, bdate, state, estatus, credit) VALUES ('33642610G', 'Jose Vicente', 'pelaez_2018_m@blu.it', '4725199345961128', '1971-11-03', 'ESTADO_04', '0', '2000');
INSERT INTO tarjetas(id, nombre, email, tta, bdate, state, estatus, credit) VALUES ('11628454E', 'Patricia', 'fajardo_2004_5@lycos.nl', '4401858677112003', '1967-11-30', 'ESTADO_03', '1', '2600');
INSERT INTO tarjetas(id, nombre, email, tta, bdate, state, estatus, credit) VALUES ('52844464D', 'Emma', 'falcon_1988_vp@scientist.com', '4240315530693930', '1993-02-28', 'ESTADO_01', '0', '2000');
INSERT INTO tarjetas(id, nombre, email, tta, bdate, state, estatus, credit) VALUES ('02581171L', 'Isidoro', 'gimenez_vv@lycos.nl', '4134112099208088', '1976-06-30', 'ESTADO_04', '1', '2600');
INSERT INTO tarjetas(id, nombre, email, tta, bdate, state, estatus, credit) VALUES ('06854534M', 'Adrian', 'aguilar_hp@iname.com', '4686238482268538', '1971-12-07', 'ESTADO_04', '0', '2500');
INSERT INTO tarjetas(id, nombre, email, tta, bdate, state, estatus, credit) VALUES ('79605597K', 'Juan Carlos', 'caceres_d1@iname.com', '4962460128550641', '1997-05-07', 'ESTADO_04', '0', '2000');
INSERT INTO tarjetas(id, nombre, email, tta, bdate, state, estatus, credit) VALUES ('19281026B', 'Florentina', 'cabrera_2008_n@unforgettable.com', '4962624343165721', '1970-10-05', 'ESTADO_03', '0', '1000');
INSERT INTO tarjetas(id, nombre, email, tta, bdate, state, estatus, credit) VALUES ('86558458M', 'Maria Paz', 'guijarro_t8@blu.it', '4571107574189977', '1970-11-12', 'ESTADO_03', '1', '2600');
INSERT INTO tarjetas(id, nombre, email, tta, bdate, state, estatus, credit) VALUES ('60311491V', 'Eladio', 'cordero_1985_co@msn.com', '4997459720417448', '1965-03-19', 'ESTADO_04', '0', '2600');
INSERT INTO tarjetas(id, nombre, email, tta, bdate, state, estatus, credit) VALUES ('85589425P', 'Sergio', 'valle_1977_np@aol.com', '4925665430363543', '1989-04-30', 'ESTADO_03', '0', '2600');
INSERT INTO tarjetas(id, nombre, email, tta, bdate, state, estatus, credit) VALUES ('87939398W', 'Matilde', 'guillen_r@writeme.com', '4247293893565081', '2002-03-23', 'ESTADO_04', '0', '2500');
INSERT INTO tarjetas(id, nombre, email, tta, bdate, state, estatus, credit) VALUES ('83360890N', 'Jose Alberto', 'tena_2000_5i@journalism.com', '4202716889141205', '1990-06-22', 'ESTADO_04', '1', '1500');
INSERT INTO tarjetas(id, nombre, email, tta, bdate, state, estatus, credit) VALUES ('75249627K', 'Marti', 'aguilar_2000_30@gmail.com', '4582110142903140', '1995-05-06', 'ESTADO_03', '1', '2600');
INSERT INTO tarjetas(id, nombre, email, tta, bdate, state, estatus, credit) VALUES ('28005604E', 'Hector', 'cano_v@talk21.com', '4960234201346843', '1973-03-26', 'ESTADO_03', '1', '2500');
INSERT INTO tarjetas(id, nombre, email, tta, bdate, state, estatus, credit) VALUES ('61771888Y', 'Esteban', 'requena_1996_n8@journalism.com', '4871274787048049', '2002-08-31', 'ESTADO_04', '1', '2500');
INSERT INTO tarjetas(id, nombre, email, tta, bdate, state, estatus, credit) VALUES ('07472544M', 'Moises', 'cid_m3@libero.it', '4736237591990289', '1994-12-15', 'ESTADO_04', '0', '1000');
INSERT INTO tarjetas(id, nombre, email, tta, bdate, state, estatus, credit) VALUES ('51829143T', 'Maria Nieves', 'munoz_05@netscape.com', '4622728377405630', '1997-12-18', 'ESTADO_03', '0', '2600');
INSERT INTO tarjetas(id, nombre, email, tta, bdate, state, estatus, credit) VALUES ('39951903Y', 'Jose Joaquin', 'diaz_xj@iname.com', '420480136579949', '1994-12-12', 'ESTADO_04', '1', '1000');
INSERT INTO tarjetas(id, nombre, email, tta, bdate, state, estatus, credit) VALUES ('67417909X', 'Lucia', 'ferrer_1981_2@post.com', '4540605425155665', '1983-07-27', 'ESTADO_02', '1', '2000');
INSERT INTO tarjetas(id, nombre, email, tta, bdate, state, estatus, credit) VALUES ('01749452A', 'Victoriano', 'juarez_1989_5v@unforgettable.com', '4979325972747760', '1974-05-04', 'ESTADO_01', '0', '2000');
INSERT INTO tarjetas(id, nombre, email, tta, bdate, state, estatus, credit) VALUES ('67609335F', 'Jacobo', 'cuesta_1978_s@usa.com', '4477995792310028', '2000-01-13', 'ESTADO_05', '0', '2600');
INSERT INTO tarjetas(id, nombre, email, tta, bdate, state, estatus, credit) VALUES ('85120039Y', 'Juan Ignacio', 'lazaro_ne@lycos.de', '4225114497477695', '1967-04-29', 'ESTADO_05', '1', '2500');
INSERT INTO tarjetas(id, nombre, email, tta, bdate, state, estatus, credit) VALUES ('37056208B', 'Esteban', 'pelaez_e@lycos.at', '4184750597542315', '1979-04-24', 'ESTADO_03', '0', '2500');
INSERT INTO tarjetas(id, nombre, email, tta, bdate, state, estatus, credit) VALUES ('39879518W', 'Maria Begoña', 'manzano_vc@mail.com', '4537200557264074', '1998-11-16', 'ESTADO_02', '1', '2500');
INSERT INTO tarjetas(id, nombre, email, tta, bdate, state, estatus, credit) VALUES ('31990790K', 'Ramon', 'requena_1985_0@yahoo.es', '4995376994712613', '1970-03-06', 'ESTADO_05', '0', '2000');
INSERT INTO tarjetas(id, nombre, email, tta, bdate, state, estatus, credit) VALUES ('78820975K', 'Maria Jose', 'alfaro_gs@lycos.it', '4315629899591026', '1987-05-13', 'ESTADO_02', '0', '2500');
INSERT INTO tarjetas(id, nombre, email, tta, bdate, state, estatus, credit) VALUES ('45493172T', 'Lara', 'leal_1984_4@talk21.com', '4158393247064505', '1980-04-12', 'ESTADO_01', '1', '2600');
INSERT INTO tarjetas(id, nombre, email, tta, bdate, state, estatus, credit) VALUES ('42332113S', 'Florentino', 'suarez_97@caramail.com', '4885334906028191', '1974-01-03', 'ESTADO_03', '0', '1500');
INSERT INTO tarjetas(id, nombre, email, tta, bdate, state, estatus, credit) VALUES ('60733089W', 'Maria Gloria', 'santiago_y0@lycos.nl', '475483890422581', '1979-11-18', 'ESTADO_03', '1', '2500');
INSERT INTO tarjetas(id, nombre, email, tta, bdate, state, estatus, credit) VALUES ('39054505E', 'Daniel', 'oliver_1@unforgettable.com', '4831875901729592', '2004-07-04', 'ESTADO_03', '0', '1500');
INSERT INTO tarjetas(id, nombre, email, tta, bdate, state, estatus, credit) VALUES ('75821537J', 'Tania', 'cuesta_n@usa.com', '4309590996242871', '1970-06-23', 'ESTADO_05', '1', '2600');
INSERT INTO tarjetas(id, nombre, email, tta, bdate, state, estatus, credit) VALUES ('99339328M', 'Helena', 'duque_1975_x2@teacher.com', '4555378748090629', '1995-10-15', 'ESTADO_04', '0', '1500');
INSERT INTO tarjetas(id, nombre, email, tta, bdate, state, estatus, credit) VALUES ('55547543J', 'Daniela', 'ocana_t@lycos.it', '4633800683047724', '1983-09-01', 'ESTADO_01', '0', '2000');
INSERT INTO tarjetas(id, nombre, email, tta, bdate, state, estatus, credit) VALUES ('58868835J', 'Carmen Maria', 'alba_1980_3t@talk21.com', '4761646079483450', '1981-03-17', 'ESTADO_05', '1', '2000');
INSERT INTO tarjetas(id, nombre, email, tta, bdate, state, estatus, credit) VALUES ('69442231X', 'Juan Dios', 'ochoa_1991_yq@lycos.de', '4844107005813436', '1991-08-14', 'ESTADO_02', '1', '1000');
INSERT INTO tarjetas(id, nombre, email, tta, bdate, state, estatus, credit) VALUES ('89564098M', 'Ricardo', 'ferreiro_2000_ch@blu.it', '4754974972659235', '1970-05-02', 'ESTADO_03', '1', '2600');
INSERT INTO tarjetas(id, nombre, email, tta, bdate, state, estatus, credit) VALUES ('31933522T', 'Maria Victoria', 'sanchez_2017_zv@whoever.com', '4258095751238735', '1965-04-09', 'ESTADO_05', '1', '2500');
INSERT INTO tarjetas(id, nombre, email, tta, bdate, state, estatus, credit) VALUES ('93278011Q', 'David', 'rojo_1986_42@blu.it', '4587633335933173', '1968-08-23', 'ESTADO_03', '1', '1000');
INSERT INTO tarjetas(id, nombre, email, tta, bdate, state, estatus, credit) VALUES ('40560481G', 'Lourdes', 'rojas_ux@blu.it', '4160149268630517', '1985-03-11', 'ESTADO_03', '1', '2000');
INSERT INTO tarjetas(id, nombre, email, tta, bdate, state, estatus, credit) VALUES ('19176161A', 'Said', 'mesa_g@iname.com', '4480710488521084', '1977-01-24', 'ESTADO_03', '1', '1000');
INSERT INTO tarjetas(id, nombre, email, tta, bdate, state, estatus, credit) VALUES ('77999415K', 'Adrian', 'domingo_1995_qu@lycos.de', '427634849529608', '1995-11-24', 'ESTADO_01', '1', '2600');
INSERT INTO tarjetas(id, nombre, email, tta, bdate, state, estatus, credit) VALUES ('34860434R', 'Ramon', 'ortega_1990_u5@teacher.com', '4301861701177365', '1974-10-05', 'ESTADO_02', '1', '2600');
INSERT INTO tarjetas(id, nombre, email, tta, bdate, state, estatus, credit) VALUES ('17913344R', 'Elias', 'ocana_2015_s7@lycos.it', '4709356670792821', '1979-02-16', 'ESTADO_02', '1', '2000');
INSERT INTO tarjetas(id, nombre, email, tta, bdate, state, estatus, credit) VALUES ('75818434S', 'Maria Paz', 'sala_1997_zx@lycos.nl', '4375286655342677', '1980-09-30', 'ESTADO_04', '0', '2600');
INSERT INTO tarjetas(id, nombre, email, tta, bdate, state, estatus, credit) VALUES ('04675110S', 'Jeronimo', 'guillen_e@unforgettable.com', '4998322986677957', '2000-12-23', 'ESTADO_01', '0', '2500');
INSERT INTO tarjetas(id, nombre, email, tta, bdate, state, estatus, credit) VALUES ('28604410T', 'Rogelio', 'cruz_1983_q@mail.com', '4117907419619018', '1992-03-26', 'ESTADO_04', '0', '1000');
INSERT INTO tarjetas(id, nombre, email, tta, bdate, state, estatus, credit) VALUES ('19236176B', 'Jose David', 'avila_2009_q@techie.com', '4849994660622821', '2004-07-06', 'ESTADO_01', '0', '1000');
INSERT INTO tarjetas(id, nombre, email, tta, bdate, state, estatus, credit) VALUES ('93731135V', 'Maria Josefa', 'domingo_2005_6@hotmail.com', '4929417734229731', '1971-11-25', 'ESTADO_02', '0', '1500');
INSERT INTO tarjetas(id, nombre, email, tta, bdate, state, estatus, credit) VALUES ('51675469N', 'Adrian', 'roig_s@aim.com', '4384190691425190', '2004-03-13', 'ESTADO_04', '0', '1000');
INSERT INTO tarjetas(id, nombre, email, tta, bdate, state, estatus, credit) VALUES ('83427378F', 'Francisco Javier', 'sala_1998_d2@techie.com', '4791637738943277', '1990-11-25', 'ESTADO_04', '1', '2000');
INSERT INTO tarjetas(id, nombre, email, tta, bdate, state, estatus, credit) VALUES ('47039263P', 'Catalina', 'nunez_ii@gmail.com', '4728072446891493', '1988-10-31', 'ESTADO_04', '0', '2500');
INSERT INTO tarjetas(id, nombre, email, tta, bdate, state, estatus, credit) VALUES ('36169331Z', 'Gloria', 'contreras_rk@yahoo.es', '4479151735261104', '1992-03-26', 'ESTADO_02', '0', '1000');
INSERT INTO tarjetas(id, nombre, email, tta, bdate, state, estatus, credit) VALUES ('14103474N', 'Gonzalo', 'trujillo_zv@aol.com', '4767710167375863', '1978-04-02', 'ESTADO_05', '0', '1000');
INSERT INTO tarjetas(id, nombre, email, tta, bdate, state, estatus, credit) VALUES ('56583937G', 'Iñigo', 'pla_2013_c@netscape.net', '4997889951736514', '1984-10-07', 'ESTADO_03', '1', '2000');
INSERT INTO tarjetas(id, nombre, email, tta, bdate, state, estatus, credit) VALUES ('69812487N', 'Maria', 'velazquez_xz@unforgettable.com', '4317599561028599', '1996-10-22', 'ESTADO_02', '0', '1000');
INSERT INTO tarjetas(id, nombre, email, tta, bdate, state, estatus, credit) VALUES ('68809280L', 'Felicidad', 'sole_1973_my@yahoo.es', '4989645528230906', '1996-11-06', 'ESTADO_04', '1', '1500');
INSERT INTO tarjetas(id, nombre, email, tta, bdate, state, estatus, credit) VALUES ('99309948L', 'Saray', 'costa_1973_s@techie.com', '4721612999138953', '1995-12-10', 'ESTADO_05', '0', '1000');
INSERT INTO tarjetas(id, nombre, email, tta, bdate, state, estatus, credit) VALUES ('32366030Q', 'Modesto', 'requena_2014_bt@writeme.com', '4169389414521985', '1970-03-10', 'ESTADO_01', '0', '2500');
INSERT INTO tarjetas(id, nombre, email, tta, bdate, state, estatus, credit) VALUES ('05431803P', 'Maria Isabel', 'casado_f@msn.com', '4398852511790897', '2004-06-17', 'ESTADO_01', '1', '2000');
INSERT INTO tarjetas(id, nombre, email, tta, bdate, state, estatus, credit) VALUES ('04840087J', 'Maria Angeles', 'luis_1986_1@iname.com', '4344094879516490', '1994-03-13', 'ESTADO_05', '1', '2600');
INSERT INTO tarjetas(id, nombre, email, tta, bdate, state, estatus, credit) VALUES ('68432341G', 'Luis Angel', 'bueno_2013_9@gmail.com', '4802990308170145', '1987-01-31', 'ESTADO_01', '1', '2600');
INSERT INTO tarjetas(id, nombre, email, tta, bdate, state, estatus, credit) VALUES ('63134012R', 'Vicenta', 'zambrano_nv@lycos.de', '4547383462319577', '1972-11-18', 'ESTADO_04', '0', '1000');
INSERT INTO tarjetas(id, nombre, email, tta, bdate, state, estatus, credit) VALUES ('30327321G', 'Estela', 'pelaez_1981_g@scientist.com', '4896095319853858', '1982-08-23', 'ESTADO_03', '1', '2500');
INSERT INTO tarjetas(id, nombre, email, tta, bdate, state, estatus, credit) VALUES ('11089748E', 'Leire', 'guerra_2001_b9@techie.com', '4452012319082798', '2004-01-11', 'ESTADO_02', '0', '1500');
INSERT INTO tarjetas(id, nombre, email, tta, bdate, state, estatus, credit) VALUES ('03296843T', 'Antonio', 'ballesteros_2001_o@msn.co.uk', '4836638527850399', '1967-01-22', 'ESTADO_05', '1', '2500');
INSERT INTO tarjetas(id, nombre, email, tta, bdate, state, estatus, credit) VALUES ('97753475W', 'Hector', 'pena_f@btinternet.com', '4210492628700723', '1980-07-08', 'ESTADO_05', '0', '2500');
INSERT INTO tarjetas(id, nombre, email, tta, bdate, state, estatus, credit) VALUES ('46588074X', 'Ariadna', 'ramon_1974_d5@blu.it', '4460913953148938', '1990-01-26', 'ESTADO_04', '1', '2500');
INSERT INTO tarjetas(id, nombre, email, tta, bdate, state, estatus, credit) VALUES ('28525961G', 'Daniela', 'guzman_b@aim.com', '4342302159151132', '1993-08-20', 'ESTADO_03', '1', '1000');
INSERT INTO tarjetas(id, nombre, email, tta, bdate, state, estatus, credit) VALUES ('54775662N', 'Izan', 'zambrano_1997_1@blu.it', '4632532183695071', '1998-03-04', 'ESTADO_02', '0', '1500');
INSERT INTO tarjetas(id, nombre, email, tta, bdate, state, estatus, credit) VALUES ('22914650A', 'Luis', 'vives_b5@netscape.com', '4940303614330457', '1969-09-06', 'ESTADO_03', '1', '1500');
INSERT INTO tarjetas(id, nombre, email, tta, bdate, state, estatus, credit) VALUES ('64398074Y', 'Sofia', 'hernandez_vf@hotmail.com', '4374244153247816', '1979-05-06', 'ESTADO_04', '1', '2000');
INSERT INTO tarjetas(id, nombre, email, tta, bdate, state, estatus, credit) VALUES ('43742724J', 'Rosa', 'hervas_3@libero.it', '4797893998092305', '1976-09-27', 'ESTADO_05', '1', '2600');
INSERT INTO tarjetas(id, nombre, email, tta, bdate, state, estatus, credit) VALUES ('03114776R', 'Pedro', 'valero_v@witty.com', '4847635146427317', '1971-09-12', 'ESTADO_02', '0', '1000');
INSERT INTO tarjetas(id, nombre, email, tta, bdate, state, estatus, credit) VALUES ('39901569L', 'Gema', 'alonso_a5@blu.it', '4888401737173251', '1985-12-02', 'ESTADO_05', '0', '2500');
INSERT INTO tarjetas(id, nombre, email, tta, bdate, state, estatus, credit) VALUES ('58223085B', 'Amalia', 'cano_1978_t@journalism.com', '4186274306693812', '1965-09-05', 'ESTADO_05', '1', '2600');
INSERT INTO tarjetas(id, nombre, email, tta, bdate, state, estatus, credit) VALUES ('64083988P', 'Arturo', 'castano_1992_3@lycos.de', '4216091574358785', '1979-09-27', 'ESTADO_04', '0', '2600');
INSERT INTO tarjetas(id, nombre, email, tta, bdate, state, estatus, credit) VALUES ('22127684M', 'Candelaria', 'gomez_lv@lycos.nl', '4403571069484496', '1969-03-03', 'ESTADO_03', '1', '2000');
INSERT INTO tarjetas(id, nombre, email, tta, bdate, state, estatus, credit) VALUES ('59653416H', 'Maria Cristina', 'pinto_1993_6@lycos.co.uk', '4794623149727381', '1973-08-30', 'ESTADO_03', '0', '1500');
INSERT INTO tarjetas(id, nombre, email, tta, bdate, state, estatus, credit) VALUES ('20346513T', 'Iker', 'tomas_oo@usa.com', '4823651442724347', '1984-04-05', 'ESTADO_03', '0', '1500');
INSERT INTO tarjetas(id, nombre, email, tta, bdate, state, estatus, credit) VALUES ('45558862W', 'Aleix', 'ojeda_o4@hotmail.co.uk', '4527583639594325', '1975-08-08', 'ESTADO_02', '1', '1000');
INSERT INTO tarjetas(id, nombre, email, tta, bdate, state, estatus, credit) VALUES ('85321070V', 'Jose Javier', 'aparicio_h@lycos.co.uk', '4454527434199993', '1995-10-24', 'ESTADO_01', '1', '1500');
INSERT INTO tarjetas(id, nombre, email, tta, bdate, state, estatus, credit) VALUES ('30635472R', 'Marta', 'dominguez_1977_m@lycos.es', '4952211616720556', '1984-10-02', 'ESTADO_01', '1', '1500');
INSERT INTO tarjetas(id, nombre, email, tta, bdate, state, estatus, credit) VALUES ('54441309X', 'Amparo', 'rubio_1973_fa@teacher.com', '4690811923645276', '1995-11-15', 'ESTADO_03', '1', '1000');
INSERT INTO tarjetas(id, nombre, email, tta, bdate, state, estatus, credit) VALUES ('42836067Q', 'Juan Ramon', 'delarosa_q6@writeme.com', '471907066144920', '1998-04-30', 'ESTADO_03', '0', '1000');
INSERT INTO tarjetas(id, nombre, email, tta, bdate, state, estatus, credit) VALUES ('45069401G', 'Luis Antonio', 'romera_1985_4b@netscape.com', '4530088279549584', '1993-08-01', 'ESTADO_03', '1', '2600');
INSERT INTO tarjetas(id, nombre, email, tta, bdate, state, estatus, credit) VALUES ('39873184Q', 'Rosa', 'moral_2015_1@techie.com', '4211668649299410', '1999-11-18', 'ESTADO_03', '0', '2500');
INSERT INTO tarjetas(id, nombre, email, tta, bdate, state, estatus, credit) VALUES ('39900714S', 'Domingo', 'ventura_1977_6@hotmail.com', '4142394996112361', '1983-11-22', 'ESTADO_04', '0', '2600');
INSERT INTO tarjetas(id, nombre, email, tta, bdate, state, estatus, credit) VALUES ('89214876S', 'Ezequiel', 'prado_m@aim.com', '4780060696561200', '1988-12-14', 'ESTADO_04', '0', '2500');
INSERT INTO tarjetas(id, nombre, email, tta, bdate, state, estatus, credit) VALUES ('88044684V', 'Desiree', 'trujillo_1971_d3@witty.com', '4743064742452535', '1986-08-01', 'ESTADO_04', '0', '2500');
INSERT INTO tarjetas(id, nombre, email, tta, bdate, state, estatus, credit) VALUES ('43518275K', 'Eugenio', 'diez_1983_k@scientist.com', '4702831432723485', '1977-10-25', 'ESTADO_02', '0', '2600');
INSERT INTO tarjetas(id, nombre, email, tta, bdate, state, estatus, credit) VALUES ('71648734P', 'Enrique', 'munoz_1996_o@witty.com', '4878955512938438', '1970-12-22', 'ESTADO_02', '1', '2500');
INSERT INTO tarjetas(id, nombre, email, tta, bdate, state, estatus, credit) VALUES ('29106177E', 'Tomas', 'ayala_1977_ze@msn.co.uk', '4124614255516842', '1973-11-22', 'ESTADO_04', '0', '2500');
INSERT INTO tarjetas(id, nombre, email, tta, bdate, state, estatus, credit) VALUES ('02786609K', 'Mariano', 'cervera_1995_d@lycos.at', '4389224537401175', '1969-10-17', 'ESTADO_04', '0', '2600');
INSERT INTO tarjetas(id, nombre, email, tta, bdate, state, estatus, credit) VALUES ('44776399E', 'Valentina', 'fajardo_1979_y@iname.com', '4759354995580061', '1973-03-28', 'ESTADO_05', '1', '1500');
INSERT INTO tarjetas(id, nombre, email, tta, bdate, state, estatus, credit) VALUES ('79480057S', 'Alvaro', 'arribas_jo@journalism.com', '417042505022912', '1968-06-24', 'ESTADO_05', '1', '2600');
INSERT INTO tarjetas(id, nombre, email, tta, bdate, state, estatus, credit) VALUES ('16420320E', 'Patricia', 'bermejo_e@gmail.com', '4344854908487876', '2001-03-04', 'ESTADO_05', '1', '1000');
INSERT INTO tarjetas(id, nombre, email, tta, bdate, state, estatus, credit) VALUES ('90656070Y', 'Maria Concepcion', 'ruano_1976_s@usa.com', '4641848986289469', '2001-03-01', 'ESTADO_01', '1', '2600');
INSERT INTO tarjetas(id, nombre, email, tta, bdate, state, estatus, credit) VALUES ('29698290T', 'Maria Remedios', 'dorado_2010_xr@caramail.com', '4989725584931769', '1982-07-29', 'ESTADO_01', '0', '1000');
INSERT INTO tarjetas(id, nombre, email, tta, bdate, state, estatus, credit) VALUES ('30707184E', 'Eusebio', 'murillo_1987_e@earthling.net', '4888003153862944', '1969-03-30', 'ESTADO_02', '1', '1500');
INSERT INTO tarjetas(id, nombre, email, tta, bdate, state, estatus, credit) VALUES ('43317972W', 'Lola', 'jimenez_1997_3y@aol.com', '4212401083941746', '1969-04-21', 'ESTADO_01', '0', '1500');
INSERT INTO tarjetas(id, nombre, email, tta, bdate, state, estatus, credit) VALUES ('11964632D', 'Maria Sol', 'huerta_3@techie.com', '4813364592719313', '2004-04-10', 'ESTADO_05', '0', '2600');
INSERT INTO tarjetas(id, nombre, email, tta, bdate, state, estatus, credit) VALUES ('89121869C', 'Luis Manuel', 'caballero_8z@netscape.net', '4564909627000674', '1977-04-11', 'ESTADO_01', '0', '2000');
INSERT INTO tarjetas(id, nombre, email, tta, bdate, state, estatus, credit) VALUES ('95291503L', 'Maria Manuela', 'casanova_1994_on@whoever.com', '4114901151934803', '1995-07-09', 'ESTADO_05', '0', '2000');
INSERT INTO tarjetas(id, nombre, email, tta, bdate, state, estatus, credit) VALUES ('57063776V', 'Julio Cesar', 'santamaria_u@lycos.nl', '4489193630097264', '1981-12-04', 'ESTADO_04', '1', '2600');
INSERT INTO tarjetas(id, nombre, email, tta, bdate, state, estatus, credit) VALUES ('65243789B', 'Maria Fernanda', 'merino_m@mail.com', '4350889144386616', '1970-09-03', 'ESTADO_04', '1', '2600');
INSERT INTO tarjetas(id, nombre, email, tta, bdate, state, estatus, credit) VALUES ('18381954D', 'Gemma', 'godoy_2012_z@yahoo.es', '4607855798715799', '1992-06-17', 'ESTADO_02', '1', '1000');
INSERT INTO tarjetas(id, nombre, email, tta, bdate, state, estatus, credit) VALUES ('02751834E', 'Lucia', 'espejo_w@whoever.com', '4261597662264978', '1978-01-14', 'ESTADO_01', '0', '1500');
INSERT INTO tarjetas(id, nombre, email, tta, bdate, state, estatus, credit) VALUES ('94586026K', 'Amador', 'muniz_1993_mq@post.com', '4571110047562473', '1991-01-25', 'ESTADO_05', '1', '2000');
INSERT INTO tarjetas(id, nombre, email, tta, bdate, state, estatus, credit) VALUES ('26852434A', 'Maria Mercedes', 'moya_kc@btinternet.com', '4671036307955058', '1998-04-08', 'ESTADO_04', '1', '1000');
INSERT INTO tarjetas(id, nombre, email, tta, bdate, state, estatus, credit) VALUES ('23053726K', 'Matilde', 'gamez_1976_5@writeme.com', '4234742423257614', '1976-08-27', 'ESTADO_02', '0', '1000');
INSERT INTO tarjetas(id, nombre, email, tta, bdate, state, estatus, credit) VALUES ('83614217V', 'Estefania', 'arce_r@writeme.com', '454904788140881', '1984-02-23', 'ESTADO_03', '0', '2000');
INSERT INTO tarjetas(id, nombre, email, tta, bdate, state, estatus, credit) VALUES ('48521793G', 'Berta', 'parra_xg@gmail.com', '4715542850181966', '1972-10-18', 'ESTADO_04', '0', '1000');
INSERT INTO tarjetas(id, nombre, email, tta, bdate, state, estatus, credit) VALUES ('32706810M', 'Aurelio', 'blanco_2014_e0@libero.it', '4325953604960419', '1977-04-28', 'ESTADO_04', '0', '2600');
INSERT INTO tarjetas(id, nombre, email, tta, bdate, state, estatus, credit) VALUES ('04853815X', 'Maria Angeles', 'quintero_2e@yahoo.com', '4400996255229764', '1990-11-08', 'ESTADO_02', '1', '1500');
INSERT INTO tarjetas(id, nombre, email, tta, bdate, state, estatus, credit) VALUES ('50603082T', 'Maria Sol', 'moreno_9@lycos.de', '4114735094812506', '1988-05-25', 'ESTADO_02', '1', '1500');
INSERT INTO tarjetas(id, nombre, email, tta, bdate, state, estatus, credit) VALUES ('72459222E', 'Bruno', 'galvez_r6@earthling.net', '4462716364477798', '1996-09-29', 'ESTADO_04', '0', '1500');
INSERT INTO tarjetas(id, nombre, email, tta, bdate, state, estatus, credit) VALUES ('46537519D', 'Jon', 'munoz_8@lycos.es', '4841382561229656', '1966-12-26', 'ESTADO_03', '0', '1500');
INSERT INTO tarjetas(id, nombre, email, tta, bdate, state, estatus, credit) VALUES ('81443712E', 'Maria Nieves', 'brito_1973_m@writeme.com', '4711450356911791', '1997-06-16', 'ESTADO_05', '0', '2600');
INSERT INTO tarjetas(id, nombre, email, tta, bdate, state, estatus, credit) VALUES ('63607541Y', 'Adrian', 'morillo_5w@lycos.co.uk', '4524290933046654', '1969-07-02', 'ESTADO_02', '0', '2000');
INSERT INTO tarjetas(id, nombre, email, tta, bdate, state, estatus, credit) VALUES ('95385475J', 'Valentin', 'serrano_8@lycos.it', '4873901901750427', '1997-11-15', 'ESTADO_04', '0', '2500');
INSERT INTO tarjetas(id, nombre, email, tta, bdate, state, estatus, credit) VALUES ('22813266A', 'Borja', 'barragan_2009_ba@netscape.com', '4447899245275357', '1998-02-05', 'ESTADO_05', '1', '2000');
INSERT INTO tarjetas(id, nombre, email, tta, bdate, state, estatus, credit) VALUES ('18320755J', 'Diana', 'ahmed_1979_x5@techie.com', '4122182417585388', '1969-12-15', 'ESTADO_01', '0', '1500');
INSERT INTO tarjetas(id, nombre, email, tta, bdate, state, estatus, credit) VALUES ('30003610H', 'Maria Carmen', 'leon_s@btinternet.com', '4999773774441684', '1966-02-10', 'ESTADO_01', '0', '1500');
INSERT INTO tarjetas(id, nombre, email, tta, bdate, state, estatus, credit) VALUES ('96716565R', 'Ariadna', 'alarcon_2001_a@hotmail.co.uk', '4162351981406831', '1989-04-19', 'ESTADO_02', '1', '2600');
INSERT INTO tarjetas(id, nombre, email, tta, bdate, state, estatus, credit) VALUES ('89017970N', 'Caridad', 'casanova_1987_9@caramail.com', '4884041001659181', '1976-09-18', 'ESTADO_05', '0', '2500');
INSERT INTO tarjetas(id, nombre, email, tta, bdate, state, estatus, credit) VALUES ('93150821Q', 'Juan Francisco', 'leon_c8@journalism.com', '4491225245320347', '1989-02-10', 'ESTADO_04', '0', '2500');
INSERT INTO tarjetas(id, nombre, email, tta, bdate, state, estatus, credit) VALUES ('53444295T', 'Lorenzo', 'riera_2015_l@iname.com', '4402600483825389', '1995-08-28', 'ESTADO_02', '0', '1000');
INSERT INTO tarjetas(id, nombre, email, tta, bdate, state, estatus, credit) VALUES ('77487372G', 'Carmen', 'bonet_2013_z@gmail.com', '4664373635990641', '1974-05-07', 'ESTADO_04', '0', '2500');
INSERT INTO tarjetas(id, nombre, email, tta, bdate, state, estatus, credit) VALUES ('66362561V', 'Matias', 'rosales_2016_p@lycos.co.uk', '4605844716269966', '1993-06-04', 'ESTADO_03', '0', '2600');
INSERT INTO tarjetas(id, nombre, email, tta, bdate, state, estatus, credit) VALUES ('22362836M', 'Iris', 'duran_3@lycos.nl', '4328590263937879', '1986-05-12', 'ESTADO_02', '0', '2000');
INSERT INTO tarjetas(id, nombre, email, tta, bdate, state, estatus, credit) VALUES ('83376341F', 'Juan Pedro', 'guillen_1996_to@unforgettable.com', '4520996235650225', '1976-11-29', 'ESTADO_05', '1', '1000');
INSERT INTO tarjetas(id, nombre, email, tta, bdate, state, estatus, credit) VALUES ('28491002M', 'Gregoria', 'olmedo_2019_4@whoever.com', '4744610149525924', '1996-02-24', 'ESTADO_03', '1', '1500');
INSERT INTO tarjetas(id, nombre, email, tta, bdate, state, estatus, credit) VALUES ('05966493V', 'Damian', 'davila_z@netscape.net', '4998372318485462', '2001-01-03', 'ESTADO_02', '1', '1500');
INSERT INTO tarjetas(id, nombre, email, tta, bdate, state, estatus, credit) VALUES ('43866358E', 'Santos', 'font_1991_f@earthling.net', '4118251758500896', '1965-03-23', 'ESTADO_01', '0', '2000');
INSERT INTO tarjetas(id, nombre, email, tta, bdate, state, estatus, credit) VALUES ('72908456C', 'Carlota', 'arranz_bk@lycos.de', '4345051698875209', '2004-07-18', 'ESTADO_02', '0', '2000');
INSERT INTO tarjetas(id, nombre, email, tta, bdate, state, estatus, credit) VALUES ('89737080G', 'Julen', 'acosta_1971_u@aim.com', '4734773733307612', '1994-03-11', 'ESTADO_03', '0', '2600');
INSERT INTO tarjetas(id, nombre, email, tta, bdate, state, estatus, credit) VALUES ('50882162K', 'Noa', 'soto_1984_ev@lycos.de', '4657864734237271', '1968-06-01', 'ESTADO_02', '0', '2600');
INSERT INTO tarjetas(id, nombre, email, tta, bdate, state, estatus, credit) VALUES ('05479678C', 'Irene', 'guerra_y@lycos.it', '4457620329699925', '1979-09-10', 'ESTADO_01', '0', '2000');
INSERT INTO tarjetas(id, nombre, email, tta, bdate, state, estatus, credit) VALUES ('94143467M', 'Asuncion', 'lago_7@btinternet.com', '4812158594565331', '1985-02-28', 'ESTADO_03', '1', '2600');
INSERT INTO tarjetas(id, nombre, email, tta, bdate, state, estatus, credit) VALUES ('05375044J', 'Jose Javier', 'mora_2017_i@witty.com', '4744354634993764', '1999-01-21', 'ESTADO_05', '1', '1000');
INSERT INTO tarjetas(id, nombre, email, tta, bdate, state, estatus, credit) VALUES ('39368337L', 'Nora', 'aguilera_bh@earthling.net', '4132776920621578', '1968-05-05', 'ESTADO_03', '0', '2600');
INSERT INTO tarjetas(id, nombre, email, tta, bdate, state, estatus, credit) VALUES ('39999721F', 'Emilio Jose', 'ballesteros_1u@unforgettable.com', '4148367103541338', '1992-07-02', 'ESTADO_01', '1', '1500');
INSERT INTO tarjetas(id, nombre, email, tta, bdate, state, estatus, credit) VALUES ('22425591Q', 'Juan Diego', 'font_1988_d7@journalism.com', '4781185357378245', '1992-01-07', 'ESTADO_03', '0', '1500');
INSERT INTO tarjetas(id, nombre, email, tta, bdate, state, estatus, credit) VALUES ('24637724D', 'Virginia', 'dasilva_c@msn.com', '4106030821854108', '1995-06-04', 'ESTADO_01', '1', '1000');
INSERT INTO tarjetas(id, nombre, email, tta, bdate, state, estatus, credit) VALUES ('18586131S', 'Kevin', 'villegas_2008_3u@yahoo.com', '4585447313827709', '1986-02-23', 'ESTADO_04', '1', '2000');
INSERT INTO tarjetas(id, nombre, email, tta, bdate, state, estatus, credit) VALUES ('79899169K', 'Teresa', 'mendoza_8x@hotmail.co.uk', '4672376037146902', '1984-01-04', 'ESTADO_05', '1', '1000');
INSERT INTO tarjetas(id, nombre, email, tta, bdate, state, estatus, credit) VALUES ('29994924A', 'Isidoro', 'cid_1986_v@mail.com', '4637377775218824', '1978-04-28', 'ESTADO_05', '1', '2000');
INSERT INTO tarjetas(id, nombre, email, tta, bdate, state, estatus, credit) VALUES ('65289270K', 'Juana Maria', 'munoz_1986_n@post.com', '4307697968874417', '1981-09-02', 'ESTADO_01', '0', '2500');
INSERT INTO tarjetas(id, nombre, email, tta, bdate, state, estatus, credit) VALUES ('38866336Q', 'Elisabet', 'arevalo_2008_8@libero.it', '4959817160791984', '2004-01-05', 'ESTADO_02', '0', '2600');
INSERT INTO tarjetas(id, nombre, email, tta, bdate, state, estatus, credit) VALUES ('08199126V', 'Eugenio', 'mesa_f@post.com', '4973437594313248', '1984-12-06', 'ESTADO_05', '0', '2600');
INSERT INTO tarjetas(id, nombre, email, tta, bdate, state, estatus, credit) VALUES ('28356344N', 'Irina', 'dorado_1989_2@talk21.com', '4486041976751536', '2001-09-01', 'ESTADO_04', '1', '2500');
INSERT INTO tarjetas(id, nombre, email, tta, bdate, state, estatus, credit) VALUES ('70948634M', 'Antonio', 'segovia_1994_9g@teacher.com', '4362589087089948', '1991-03-01', 'ESTADO_04', '0', '1000');
INSERT INTO tarjetas(id, nombre, email, tta, bdate, state, estatus, credit) VALUES ('47529249W', 'Pedro', 'casanova_i@unforgettable.com', '4352563824476983', '1995-04-05', 'ESTADO_03', '1', '1000');
INSERT INTO tarjetas(id, nombre, email, tta, bdate, state, estatus, credit) VALUES ('52853539E', 'Purificacion', 'aragon_7g@teacher.com', '4291333880226563', '1965-08-28', 'ESTADO_04', '0', '2000');
INSERT INTO tarjetas(id, nombre, email, tta, bdate, state, estatus, credit) VALUES ('60647493N', 'Juan Maria', 'wang_6@lycos.it', '4525246522406518', '1971-09-05', 'ESTADO_05', '1', '2600');
INSERT INTO tarjetas(id, nombre, email, tta, bdate, state, estatus, credit) VALUES ('30411735P', 'Abril', 'lafuente_ss@lycos.it', '4212039458730664', '1994-09-04', 'ESTADO_05', '0', '2600');
INSERT INTO tarjetas(id, nombre, email, tta, bdate, state, estatus, credit) VALUES ('32540868P', 'Tamara', 'galindo_2007_fb@lycos.de', '4798526724273687', '1978-10-18', 'ESTADO_04', '1', '2500');
INSERT INTO tarjetas(id, nombre, email, tta, bdate, state, estatus, credit) VALUES ('11041180F', 'Said', 'munoz_1999_l@email.com', '4522001066811562', '1978-07-04', 'ESTADO_03', '1', '1500');
INSERT INTO tarjetas(id, nombre, email, tta, bdate, state, estatus, credit) VALUES ('82793096L', 'Elisabet', 'lago_1971_o@netscape.net', '4462410609441435', '1988-05-20', 'ESTADO_04', '1', '2500');
INSERT INTO tarjetas(id, nombre, email, tta, bdate, state, estatus, credit) VALUES ('61162347B', 'Pedro', 'salinas_1991_27@yahoo.es', '4680269167554617', '1967-10-12', 'ESTADO_02', '0', '1000');
INSERT INTO tarjetas(id, nombre, email, tta, bdate, state, estatus, credit) VALUES ('68423018L', 'Ariadna', 'font_2010_yr@email.com', '4648802801466094', '1970-05-29', 'ESTADO_05', '0', '2000');
INSERT INTO tarjetas(id, nombre, email, tta, bdate, state, estatus, credit) VALUES ('22108059E', 'Juan Ignacio', 'rico_w3@unforgettable.com', '4237467317312278', '1976-03-30', 'ESTADO_05', '1', '1500');
INSERT INTO tarjetas(id, nombre, email, tta, bdate, state, estatus, credit) VALUES ('98610079V', 'Salvador', 'collado_a@lycos.it', '4728489150823092', '1986-05-05', 'ESTADO_04', '0', '2000');
INSERT INTO tarjetas(id, nombre, email, tta, bdate, state, estatus, credit) VALUES ('03222461T', 'Ana Rosa', 'conde_o6@techie.com', '4822872950837138', '1966-12-20', 'ESTADO_02', '0', '1000');
INSERT INTO tarjetas(id, nombre, email, tta, bdate, state, estatus, credit) VALUES ('96507246M', 'Macarena', 'valero_1989_t@writeme.com', '4525666685771665', '2003-04-28', 'ESTADO_01', '1', '2500');
INSERT INTO tarjetas(id, nombre, email, tta, bdate, state, estatus, credit) VALUES ('56115409D', 'Cecilia', 'lafuente_h@msn.co.uk', '4334626612445388', '1988-07-25', 'ESTADO_03', '1', '1500');
INSERT INTO tarjetas(id, nombre, email, tta, bdate, state, estatus, credit) VALUES ('27857646T', 'Elvira', 'melero_8q@lycos.co.uk', '480857797373257', '1989-03-05', 'ESTADO_03', '0', '2600');
INSERT INTO tarjetas(id, nombre, email, tta, bdate, state, estatus, credit) VALUES ('71783687C', 'Desiree', 'fraile_1989_4@whoever.com', '4532894682731588', '1994-03-09', 'ESTADO_03', '0', '2500');
INSERT INTO tarjetas(id, nombre, email, tta, bdate, state, estatus, credit) VALUES ('05727775Q', 'Anna', 'prado_1984_i@aim.com', '4348837210763379', '1998-03-03', 'ESTADO_05', '0', '2000');
INSERT INTO tarjetas(id, nombre, email, tta, bdate, state, estatus, credit) VALUES ('32451816N', 'Javier', 'polo_2011_a@whoever.com', '4191895957562139', '1987-01-02', 'ESTADO_05', '0', '1000');
INSERT INTO tarjetas(id, nombre, email, tta, bdate, state, estatus, credit) VALUES ('62818283Q', 'Jaume', 'rovira_2008_v@gmail.com', '450078330493140', '1976-12-12', 'ESTADO_04', '1', '1500');
INSERT INTO tarjetas(id, nombre, email, tta, bdate, state, estatus, credit) VALUES ('70159092F', 'Jose Andres', 'ros_1986_f@talk21.com', '4293648167935869', '1980-09-22', 'ESTADO_02', '0', '2000');
INSERT INTO tarjetas(id, nombre, email, tta, bdate, state, estatus, credit) VALUES ('74381601S', 'Jose David', 'crespo_1999_ze@lycos.de', '4566483251736936', '1994-09-13', 'ESTADO_02', '0', '1500');
INSERT INTO tarjetas(id, nombre, email, tta, bdate, state, estatus, credit) VALUES ('78262347V', 'Leandro', 'sole_n7@aol.com', '4829369399271493', '1966-09-25', 'ESTADO_05', '0', '1500');
INSERT INTO tarjetas(id, nombre, email, tta, bdate, state, estatus, credit) VALUES ('63634152Y', 'Silvia', 'rosales_2004_gt@lycos.co.uk', '425908674274296', '1971-02-28', 'ESTADO_01', '0', '2000');
INSERT INTO tarjetas(id, nombre, email, tta, bdate, state, estatus, credit) VALUES ('31941280F', 'Alejandro', 'mateu_1991_p@writeme.com', '4469226701752351', '1985-09-06', 'ESTADO_01', '0', '2500');
INSERT INTO tarjetas(id, nombre, email, tta, bdate, state, estatus, credit) VALUES ('66851927N', 'Aurora', 'bello_h@iname.com', '4599710729710882', '1992-02-09', 'ESTADO_01', '0', '1000');
INSERT INTO tarjetas(id, nombre, email, tta, bdate, state, estatus, credit) VALUES ('49582199H', 'Mariana', 'vaquero_o@talk21.com', '420233184220555', '2003-03-21', 'ESTADO_05', '0', '2500');
INSERT INTO tarjetas(id, nombre, email, tta, bdate, state, estatus, credit) VALUES ('16332613Z', 'Bernardo', 'pino_1978_0@post.com', '4932060346165680', '1976-06-13', 'ESTADO_05', '1', '2500');
INSERT INTO tarjetas(id, nombre, email, tta, bdate, state, estatus, credit) VALUES ('56336101Q', 'Alejandro', 'castilla_2010_ri@writeme.com', '4649921813150451', '1991-11-12', 'ESTADO_01', '1', '1500');
INSERT INTO tarjetas(id, nombre, email, tta, bdate, state, estatus, credit) VALUES ('72690146A', 'Erik', 'criado_1979_w@gmail.com', '4411122093804950', '2000-10-23', 'ESTADO_01', '0', '2500');
INSERT INTO tarjetas(id, nombre, email, tta, bdate, state, estatus, credit) VALUES ('79619792W', 'Amanda', 'redondo_1994_zz@iname.com', '4352429435740193', '1972-06-30', 'ESTADO_05', '1', '2600');
INSERT INTO tarjetas(id, nombre, email, tta, bdate, state, estatus, credit) VALUES ('07288301S', 'Aurora', 'ochoa_1970_l8@libero.it', '4791810853352588', '1969-08-28', 'ESTADO_05', '1', '2600');
INSERT INTO tarjetas(id, nombre, email, tta, bdate, state, estatus, credit) VALUES ('51049990H', 'Maria Soledad', 'polo_s@writeme.com', '4679422127254033', '1967-12-04', 'ESTADO_04', '0', '1500');
INSERT INTO tarjetas(id, nombre, email, tta, bdate, state, estatus, credit) VALUES ('03680779C', 'Andreu', 'aragon_2002_y4@lycos.it', '4735592271061921', '1970-04-12', 'ESTADO_05', '0', '1500');
INSERT INTO tarjetas(id, nombre, email, tta, bdate, state, estatus, credit) VALUES ('41358961Q', 'Youssef', 'macias_2002_2@iname.com', '4439718744789553', '1988-06-29', 'ESTADO_02', '1', '2000');
INSERT INTO tarjetas(id, nombre, email, tta, bdate, state, estatus, credit) VALUES ('47213177L', 'Maria Paz', 'saiz_0w@aim.com', '4999126150668901', '1982-04-17', 'ESTADO_04', '1', '1500');
INSERT INTO tarjetas(id, nombre, email, tta, bdate, state, estatus, credit) VALUES ('49756133A', 'Jesus Maria', 'burgos_2016_0@iname.com', '4702312640044543', '1982-04-19', 'ESTADO_04', '0', '1000');
INSERT INTO tarjetas(id, nombre, email, tta, bdate, state, estatus, credit) VALUES ('41875851G', 'Pedro Luis', 'conde_sp@journalism.com', '4431407276683016', '1965-08-26', 'ESTADO_02', '0', '2500');
INSERT INTO tarjetas(id, nombre, email, tta, bdate, state, estatus, credit) VALUES ('51601200X', 'Candida', 'villegas_y@witty.com', '4603598301482002', '1965-07-19', 'ESTADO_01', '1', '2500');
INSERT INTO tarjetas(id, nombre, email, tta, bdate, state, estatus, credit) VALUES ('85996138N', 'Pau', 'riera_v5@btinternet.com', '4421867696151153', '1978-04-19', 'ESTADO_03', '0', '1000');
INSERT INTO tarjetas(id, nombre, email, tta, bdate, state, estatus, credit) VALUES ('12861123Y', 'Maria Julia', 'sierra_e@unforgettable.com', '4234685413610435', '1993-11-23', 'ESTADO_05', '0', '2600');
INSERT INTO tarjetas(id, nombre, email, tta, bdate, state, estatus, credit) VALUES ('65958896W', 'Felicidad', 'pinero_lb@gmail.com', '4342804850611488', '1970-03-21', 'ESTADO_03', '0', '2500');
INSERT INTO tarjetas(id, nombre, email, tta, bdate, state, estatus, credit) VALUES ('21610243H', 'Candelaria', 'castillo_1976_g@msn.co.uk', '48831518532231', '1976-03-09', 'ESTADO_05', '0', '2000');
INSERT INTO tarjetas(id, nombre, email, tta, bdate, state, estatus, credit) VALUES ('85159098B', 'Trinidad', 'sainz_1987_hc@post.com', '4829583221002005', '1971-01-26', 'ESTADO_02', '0', '2000');
INSERT INTO tarjetas(id, nombre, email, tta, bdate, state, estatus, credit) VALUES ('79198091Y', 'Bernardo', 'rey_1992_n@lycos.it', '4177271857884114', '1981-08-21', 'ESTADO_01', '1', '1500');
INSERT INTO tarjetas(id, nombre, email, tta, bdate, state, estatus, credit) VALUES ('90318920J', 'Eugenia', 'camara_s@blu.it', '4558684572781226', '1992-01-21', 'ESTADO_02', '0', '2000');
INSERT INTO tarjetas(id, nombre, email, tta, bdate, state, estatus, credit) VALUES ('90237588D', 'Yeray', 'mora_uu@hotmail.com', '49012647074390', '1972-09-26', 'ESTADO_03', '1', '1000');
INSERT INTO tarjetas(id, nombre, email, tta, bdate, state, estatus, credit) VALUES ('37288612T', 'Maria Francisca', 'barbero_3v@netscape.net', '4699529097153361', '2004-04-01', 'ESTADO_04', '0', '2600');
INSERT INTO tarjetas(id, nombre, email, tta, bdate, state, estatus, credit) VALUES ('79435840G', 'Emiliano', 'torres_h6@techie.com', '4678919068842560', '1992-10-27', 'ESTADO_01', '0', '1000');
INSERT INTO tarjetas(id, nombre, email, tta, bdate, state, estatus, credit) VALUES ('28206768M', 'Africa', 'espinosa_1995_ht@usa.com', '4511157829070947', '2001-05-23', 'ESTADO_03', '0', '2500');
INSERT INTO tarjetas(id, nombre, email, tta, bdate, state, estatus, credit) VALUES ('30213963J', 'Dolores', 'pino_qf@mail.com', '4536455609972220', '1985-02-14', 'ESTADO_03', '1', '2600');
INSERT INTO tarjetas(id, nombre, email, tta, bdate, state, estatus, credit) VALUES ('21414261L', 'Maria Dolors', 'arce_1974_yn@email.com', '4839120750712726', '1977-07-22', 'ESTADO_05', '0', '2000');
INSERT INTO tarjetas(id, nombre, email, tta, bdate, state, estatus, credit) VALUES ('30102185S', 'Ruben', 'sole_o@witty.com', '4269135786618969', '1995-06-22', 'ESTADO_03', '1', '2500');
INSERT INTO tarjetas(id, nombre, email, tta, bdate, state, estatus, credit) VALUES ('20947707C', 'Yolanda', 'castillo_1985_5@aim.com', '4819590204454873', '1997-11-24', 'ESTADO_04', '1', '2500');
INSERT INTO tarjetas(id, nombre, email, tta, bdate, state, estatus, credit) VALUES ('60384189N', 'Blas', 'domingo_1994_y@scientist.com', '445227198928196', '1977-08-12', 'ESTADO_01', '1', '1500');
INSERT INTO tarjetas(id, nombre, email, tta, bdate, state, estatus, credit) VALUES ('50909962Z', 'Ariadna', 'lin_1995_1@lycos.co.uk', '4837442776049756', '1999-04-01', 'ESTADO_01', '0', '2000');
INSERT INTO tarjetas(id, nombre, email, tta, bdate, state, estatus, credit) VALUES ('46427533D', 'Maria Belen', 'arribas_3@lycos.at', '4132942501529446', '1972-09-21', 'ESTADO_01', '1', '1500');
INSERT INTO tarjetas(id, nombre, email, tta, bdate, state, estatus, credit) VALUES ('83957386A', 'Julian', 'perez_1988_8b@lycos.co.uk', '4140348561210192', '1988-03-26', 'ESTADO_02', '1', '1500');
INSERT INTO tarjetas(id, nombre, email, tta, bdate, state, estatus, credit) VALUES ('00486271M', 'Carmelo', 'sanz_1982_i8@scientist.com', '4888872807917126', '1977-05-21', 'ESTADO_04', '0', '2500');
INSERT INTO tarjetas(id, nombre, email, tta, bdate, state, estatus, credit) VALUES ('83179178T', 'Neus', 'aguilera_rn@yahoo.es', '4485597968268004', '1992-08-21', 'ESTADO_04', '0', '2600');
INSERT INTO tarjetas(id, nombre, email, tta, bdate, state, estatus, credit) VALUES ('67962100K', 'Ezequiel', 'sala_9l@lycos.es', '4864074799075017', '1990-01-18', 'ESTADO_04', '1', '2500');
INSERT INTO tarjetas(id, nombre, email, tta, bdate, state, estatus, credit) VALUES ('38715352G', 'Jose David', 'figueroa_p@yahoo.es', '468734090334664', '1995-11-23', 'ESTADO_01', '0', '1500');
